precipitation_mm,wind_gust,pressure_hpa,temp_c,max_mag,risk_level
9.85,31.02,1022.05,17.18,0.0,1
13.88,32.07,1028.13,24.11,5.2,1
8.5,5.86,996.32,24.0,3.8,1
7.49,8.51,1003.93,43.01,0.0,0
15.22,6.83,1021.23,23.2,3.1,1
8.05,3.35,986.49,12.92,6.4,2
11.21,33.14,1017.92,23.93,6.4,2
10.37,26.06,1023.6,31.19,3.1,1
15.21,23.11,1007.24,33.49,3.8,1
6.42,0.0,1008.7,43.94,3.8,0
19.21,50.78,1002.26,37.85,5.2,1
5.06,9.48,1007.78,29.32,3.8,0
11.79,50.73,1008.07,21.76,3.1,1
10.74,1.71,1006.17,39.37,6.4,2
4.64,10.63,1005.62,25.42,3.1,0
12.56,0.0,1010.29,23.39,0.0,1
6.86,27.07,1010.17,25.08,0.0,0
3.28,6.58,1031.74,19.23,0.0,0
13.8,6.98,1009.06,24.74,3.8,1
2.12,2.78,1016.44,26.37,4.6,1
3.93,32.88,1007.23,33.11,0.0,0
8.42,31.96,1007.1,25.28,5.8,2
15.13,47.37,995.96,19.13,0.0,1
13.17,12.4,997.29,16.77,0.0,1
9.72,25.06,1000.93,29.47,5.2,1
1.4,3.95,1014.84,28.51,0.0,0
4.85,17.31,1023.76,24.12,5.2,1
5.89,14.74,995.13,24.73,6.4,2
3.12,28.5,1007.51,30.72,5.2,1
0.96,36.24,999.33,37.73,5.2,1
8.75,35.87,1010.36,22.54,3.8,1
13.49,10.2,1023.76,28.62,3.1,1
5.48,35.98,1008.53,34.71,4.6,1
14.99,21.38,1012.52,22.57,3.1,1
1.83,17.46,1027.55,27.89,5.8,2
2.93,12.08,1017.58,27.73,3.8,0
8.6,14.16,1005.4,18.82,3.8,1
5.06,46.39,1014.59,29.18,5.2,1
12.66,26.3,1004.72,28.22,0.0,1
11.12,24.44,1017.2,31.89,4.6,1
5.4,18.33,1018.15,19.69,5.2,1
2.05,56.24,999.33,28.07,5.2,1
4.85,40.27,1014.75,37.67,0.0,1
11.33,11.91,1011.82,42.54,0.0,1
13.04,18.17,1018.45,36.96,0.0,1
5.08,19.0,1021.31,19.76,5.8,2
0.95,24.04,1017.77,31.16,0.0,0
1.71,12.18,1009.97,24.62,0.0,0
10.63,28.14,1022.33,29.99,4.6,1
5.32,42.33,1004.27,22.59,5.8,2
5.44,3.61,999.79,16.01,0.0,0
2.88,6.21,981.05,25.59,0.0,0
2.82,15.24,1012.3,33.06,0.0,0
14.8,15.88,1004.78,30.02,0.0,1
10.93,49.98,1016.98,30.82,0.0,1
4.25,36.02,993.29,29.51,0.0,0
8.1,35.22,1006.53,30.83,4.6,1
9.28,18.3,1017.7,31.71,0.0,1
24.36,17.99,1002.7,26.08,3.8,2
2.57,1.68,1017.09,28.58,3.1,0
9.18,32.94,1007.43,40.2,4.6,1
14.75,28.87,1012.67,28.99,4.6,1
22.38,40.0,1018.95,28.3,4.6,2
4.05,19.05,1022.53,28.72,6.4,2
5.26,20.02,1013.92,26.47,0.0,0
12.75,24.38,1004.86,24.95,3.8,1
1.37,34.49,1008.42,29.46,3.1,0
9.92,1.42,1019.37,24.46,3.8,1
30.63,32.3,1002.79,26.98,0.0,2
10.76,21.71,1011.22,22.47,0.0,1
0.38,7.18,1009.14,28.76,6.4,2
3.33,0.0,1011.97,32.09,5.8,2
4.17,20.09,1002.91,26.52,3.1,0
17.31,42.27,994.48,13.94,0.0,1
6.58,45.45,1018.21,32.13,4.6,1
0.97,26.98,1022.64,28.84,0.0,0
7.24,49.47,995.08,21.05,0.0,1
8.51,21.4,1016.69,33.41,0.0,1
4.7,35.35,1023.83,18.21,0.0,0
2.77,15.68,1018.96,35.32,0.0,0
32.94,14.8,1008.83,27.6,0.0,2
14.78,12.51,1003.57,12.12,4.6,1
15.79,0.0,1013.81,29.25,6.4,2
6.59,40.02,1015.48,25.16,0.0,1
3.98,13.02,1013.96,24.1,0.0,0
4.92,10.78,1011.2,22.84,0.0,0
1.82,5.48,1002.17,27.11,3.8,0
24.03,19.14,1017.23,24.6,5.8,2
6.83,46.69,1017.71,15.0,0.0,1
20.27,51.31,1015.01,36.9,0.0,2
5.15,0.0,1014.11,26.29,0.0,0
10.88,17.04,1029.79,22.88,4.6,1
8.91,7.52,1006.76,20.1,3.1,1
1.6,35.84,1025.81,33.4,3.1,0
26.19,26.01,1005.66,18.91,0.0,2
5.29,13.09,1024.09,28.94,6.4,2
2.31,23.02,1025.33,23.91,3.1,0
12.82,15.32,1010.07,24.32,5.2,1
7.57,44.6,1029.61,20.28,5.2,1
10.12,29.66,1017.69,23.66,0.0,1
8.23,31.38,1004.23,28.06,0.0,1
0.46,0.0,1009.26,29.65,6.4,2
3.21,21.06,1024.33,22.5,5.8,2
3.08,51.16,1022.23,27.36,3.1,1
15.61,40.57,1002.42,34.22,0.0,1
7.81,0.0,1011.61,16.36,0.0,0
11.4,17.61,1015.04,27.96,6.4,2
5.6,5.18,1007.92,21.34,5.2,1
11.84,45.96,1036.58,20.63,0.0,1
6.6,25.42,1015.34,29.83,5.2,1
6.19,11.25,1012.38,24.18,0.0,0
8.86,22.48,1024.91,19.48,0.0,1
8.23,0.0,1009.35,37.27,3.8,1
40.43,6.81,1023.07,34.44,3.1,2
3.17,22.51,996.32,14.47,5.2,1
1.38,33.84,1008.46,17.68,0.0,0
9.94,0.0,1023.49,32.15,5.8,2
3.66,16.66,1028.7,26.01,4.6,1
0.37,36.14,1005.27,38.5,0.0,0
2.45,1.68,1004.1,32.31,6.4,2
34.44,25.21,1018.67,30.1,3.8,2
3.08,22.92,1006.77,20.85,3.1,0
0.84,46.0,1010.31,31.44,0.0,1
32.95,18.78,1021.76,19.07,6.4,2
2.34,19.6,1007.56,37.14,5.8,2
48.94,33.97,993.35,30.95,0.0,2
5.37,3.43,999.99,22.23,6.4,2
26.27,18.91,1013.1,33.63,5.8,2
6.06,15.62,994.37,43.69,3.1,0
10.93,20.06,1010.03,26.48,6.4,2
6.73,33.88,999.08,31.85,4.6,1
6.1,29.76,1029.4,24.98,5.2,1
9.28,11.52,1034.65,28.6,0.0,1
11.25,23.91,1002.42,17.45,0.0,1
8.7,42.87,1015.57,28.0,3.8,1
7.96,10.36,1003.4,28.31,0.0,0
3.69,24.03,1009.91,40.59,6.4,2
6.96,19.3,1031.03,15.43,0.0,0
23.94,21.12,1008.33,26.03,5.2,2
3.52,0.0,1010.14,37.02,4.6,1
9.5,41.75,1003.57,26.31,5.8,2
18.81,11.16,1024.46,26.8,6.4,2
11.33,36.37,980.37,22.17,5.8,2
15.74,13.3,1008.57,21.47,3.1,1
2.3,13.24,1012.54,15.22,5.2,1
9.52,38.98,1006.39,23.6,0.0,1
5.79,35.91,1021.64,21.07,3.8,0
6.02,24.92,1025.02,28.83,0.0,0
22.5,32.66,998.88,22.49,0.0,2
6.11,17.96,1033.93,24.64,4.6,1
9.78,21.88,998.77,24.83,0.0,1
0.84,12.74,1025.89,27.66,4.6,1
26.25,34.66,1014.5,24.3,3.1,2
15.05,12.29,1007.96,20.57,0.0,1
7.19,42.79,1008.91,28.6,4.6,1
5.56,17.58,1012.66,35.47,5.2,1
12.25,22.29,1015.08,28.9,4.6,1
18.65,32.62,1003.8,23.73,0.0,1
26.51,22.33,1010.66,27.14,4.6,2
14.67,17.83,1005.29,13.65,4.6,1
8.06,21.58,1000.85,27.02,5.2,1
16.43,34.51,1004.83,25.2,3.1,1
14.2,12.72,1001.5,21.47,0.0,1
8.09,20.23,1008.8,22.74,0.0,1
13.88,22.14,1017.32,25.13,0.0,1
13.68,34.1,1014.21,34.95,4.6,1
7.16,20.6,1032.74,35.64,5.2,1
4.61,47.32,990.9,21.5,5.2,1
12.77,19.81,1017.69,24.37,0.0,1
2.6,18.67,1013.06,24.55,3.1,0
1.99,19.61,1021.16,33.67,0.0,0
9.91,3.57,1020.16,29.02,5.8,2
12.5,7.49,1011.35,28.65,3.1,1
9.85,14.57,1014.73,31.75,3.8,1
10.75,37.9,1005.56,23.83,3.8,1
12.33,21.54,1019.14,37.55,0.0,1
22.56,15.21,994.21,27.99,0.0,2
14.87,39.17,1020.77,22.01,6.4,2
14.53,43.72,1012.77,26.39,0.0,1
9.28,39.58,1008.13,36.62,6.4,2
9.58,10.06,1010.67,25.02,0.0,1
6.65,15.07,1011.41,34.65,0.0,0
10.49,47.39,1025.97,23.62,6.4,2
2.46,25.38,1045.33,22.64,6.4,2
22.64,18.25,1025.2,32.62,6.4,2
3.29,32.06,1007.35,21.88,5.2,1
14.85,36.1,1019.3,33.76,3.8,1
20.57,14.0,1019.73,30.46,0.0,2
14.82,25.07,1003.75,21.88,4.6,1
36.64,34.97,1000.39,27.5,3.8,2
0.51,5.76,1012.37,24.16,5.2,1
4.91,22.17,1021.08,30.44,0.0,0
20.32,6.4,996.88,41.21,0.0,2
1.89,8.23,1005.79,25.41,4.6,1
3.4,14.12,1018.73,31.74,5.8,2
11.72,28.68,1013.42,28.17,6.4,2
7.97,17.49,1027.16,28.17,4.6,1
11.14,12.92,998.89,26.84,3.1,1
8.57,22.72,1036.52,22.0,3.8,1
9.26,5.94,997.62,30.35,3.8,1
3.77,28.0,992.71,25.98,4.6,1
9.01,37.84,1012.41,21.67,0.0,1
5.24,20.89,1001.66,35.1,3.1,0
5.94,19.16,1012.61,28.69,3.8,0
14.69,27.23,1012.26,26.4,5.8,2
1.78,0.0,1011.04,37.38,5.8,2
0.22,29.52,1004.58,15.15,5.2,1
13.87,65.43,1017.33,36.91,0.0,2
9.02,20.28,1009.83,21.84,3.1,1
20.55,20.33,1024.04,29.48,3.8,2
3.5,32.41,1011.2,23.88,6.4,2
6.96,45.03,1003.35,21.54,3.1,1
8.24,35.65,996.12,37.2,6.4,2
4.25,0.0,1011.28,40.99,5.2,1
3.04,29.89,1000.31,26.45,4.6,1
14.42,58.01,999.5,30.35,5.2,1
1.57,30.71,1018.27,28.4,5.8,2
2.52,5.84,995.22,40.11,5.2,1
6.75,25.95,1027.12,13.21,5.2,1
15.75,4.07,1014.6,30.64,3.1,1
4.53,39.26,1012.56,22.91,3.1,0
3.98,8.62,1002.65,11.51,4.6,1
6.39,23.04,1020.64,25.48,5.8,2
10.32,9.99,1012.97,40.94,4.6,1
5.51,14.35,1006.14,23.41,6.4,2
17.32,42.81,1015.0,33.54,5.2,1
17.88,23.45,996.17,36.39,3.1,1
6.75,14.17,996.65,27.91,4.6,1
29.85,5.97,1001.8,28.84,4.6,2
8.08,0.0,1016.5,15.99,5.8,2
17.43,4.48,1012.97,22.99,0.0,1
10.08,23.57,1023.49,34.35,0.0,1
9.92,35.72,1003.8,28.42,0.0,1
1.13,14.16,1018.75,30.57,0.0,0
2.28,43.99,1011.86,28.93,5.2,1
5.79,11.95,1003.57,43.34,6.4,2
17.78,18.67,1016.85,24.99,4.6,1
10.2,6.89,1012.34,39.24,0.0,1
5.84,35.87,1006.71,28.93,3.1,0
12.59,51.37,1013.42,39.86,6.4,2
17.29,0.0,1011.7,19.43,0.0,1
7.64,17.15,1011.46,29.29,4.6,1
9.21,39.71,1008.87,25.24,3.1,1
8.23,1.74,999.95,28.98,6.4,2
7.22,29.93,1013.75,36.56,3.8,0
3.46,39.1,1004.97,30.65,4.6,1
3.18,23.1,1002.8,36.54,5.2,1
12.53,29.7,1010.59,23.31,5.8,2
17.54,46.65,1020.34,22.24,3.8,1
5.83,49.28,1014.86,28.11,5.2,1
5.7,21.13,1007.69,27.73,5.8,2
0.73,14.55,1007.29,26.7,3.8,0
21.03,9.12,1019.36,21.29,5.2,2
3.7,35.68,989.03,36.39,3.1,0
38.46,2.8,1020.97,25.46,3.1,2
4.41,18.46,994.26,37.98,0.0,0
1.18,23.44,998.85,28.09,5.2,1
8.29,14.96,1007.86,32.54,0.0,1
14.29,25.92,1034.7,31.9,5.8,2
13.07,57.9,1029.77,22.23,6.4,2
15.42,20.3,1020.06,30.57,5.8,2
2.75,15.9,1016.57,41.5,0.0,0
20.66,36.21,994.38,29.76,4.6,2
21.57,25.35,1014.57,34.31,5.2,2
22.27,42.15,1007.51,32.85,3.8,2
9.48,24.31,1004.83,30.15,3.8,1
5.41,18.52,1014.55,29.31,3.1,0
4.96,0.0,1008.29,31.83,0.0,0
1.17,0.0,1021.69,33.34,4.6,1
4.51,0.0,993.64,18.53,6.4,2
0.19,27.31,1013.75,29.73,0.0,0
0.95,2.93,1004.21,26.71,0.0,0
9.4,39.58,1008.9,25.26,0.0,1
6.01,22.42,1016.05,37.07,4.6,1
9.06,18.58,1001.83,22.87,0.0,1
13.44,10.19,1014.64,18.24,3.8,1
10.51,30.71,1010.88,33.57,6.4,2
9.78,10.74,1006.39,18.06,0.0,1
7.03,8.2,1008.29,14.5,0.0,0
3.56,38.64,1011.45,34.36,0.0,0
1.91,26.96,1005.32,29.11,3.8,0
4.63,18.71,1013.07,31.31,5.2,1
7.13,30.98,1010.22,24.9,0.0,0
7.95,22.13,1006.89,18.31,0.0,0
15.44,27.36,1028.9,19.7,0.0,1
6.57,10.56,1017.15,26.09,5.8,2
11.94,50.99,1009.17,19.09,0.0,1
1.42,13.89,1014.46,30.15,4.6,1
9.51,43.78,1002.73,24.76,4.6,1
8.96,19.36,1008.63,29.3,0.0,1
20.66,33.3,1009.8,29.09,3.8,2
6.02,32.28,1000.53,30.71,0.0,0
5.78,38.06,1016.87,31.5,3.8,0
13.52,10.23,1007.94,25.59,0.0,1
2.1,37.06,1009.45,29.29,5.2,1
9.3,47.85,1007.31,29.65,5.8,2
1.97,18.38,1042.59,11.0,0.0,0
27.73,22.49,1006.37,32.53,3.8,2
5.08,14.67,992.31,29.05,4.6,1
1.82,17.15,997.0,31.95,0.0,0
4.6,45.96,1020.59,18.99,5.2,1
9.35,7.94,1026.36,25.79,3.8,1
11.64,8.81,1006.18,20.36,0.0,1
19.86,44.55,1025.79,33.21,3.8,1
4.06,30.74,1020.42,18.16,5.2,1
14.0,51.69,1011.11,21.5,4.6,1
0.95,15.69,1010.4,31.74,5.2,1
2.54,23.77,1014.81,23.59,0.0,0
1.47,12.75,1021.77,21.5,5.8,2
3.35,24.01,1016.97,34.35,0.0,0
13.51,0.0,1006.23,34.63,4.6,1
4.16,31.59,1011.26,33.05,3.1,0
5.0,26.53,1032.81,33.94,0.0,0
9.56,21.19,1015.51,26.38,5.2,1
11.25,16.53,1021.69,26.57,3.8,1
5.15,9.47,1018.4,23.46,4.6,1
2.52,32.19,1015.73,29.17,3.1,0
24.49,5.6,1014.09,24.3,0.0,2
5.18,29.17,1021.97,24.97,4.6,1
5.69,51.04,1020.19,32.2,0.0,1
6.39,42.8,1015.64,36.29,5.8,2
12.22,0.93,1006.06,30.79,5.2,1
1.32,14.49,1016.86,40.56,6.4,2
31.6,27.9,1012.33,23.06,0.0,2
5.54,21.02,1009.92,15.13,4.6,1
12.56,2.41,1039.79,33.0,4.6,1
1.84,27.39,997.61,22.6,5.8,2
8.77,21.86,1022.59,26.08,3.1,1
28.15,48.8,1004.37,15.61,6.4,2
25.34,18.45,1014.31,21.71,0.0,2
12.3,38.35,1038.69,17.48,5.8,2
3.11,4.26,1003.38,24.96,3.8,0
19.08,7.61,1005.76,25.24,6.4,2
0.94,32.1,1012.82,28.63,0.0,0
2.99,37.17,1004.53,36.68,0.0,0
7.06,8.6,1021.84,32.74,4.6,1
1.08,22.34,1007.65,16.64,3.8,0
4.59,2.66,1019.54,32.26,0.0,0
14.23,19.46,999.71,28.78,4.6,1
3.73,33.72,994.93,27.32,3.1,0
14.76,15.91,1010.71,27.84,0.0,1
37.71,18.51,997.31,29.43,3.8,2
10.53,6.18,1028.18,23.16,5.2,1
14.56,12.92,997.7,26.72,0.0,1
19.57,46.61,1002.62,36.29,6.4,2
5.02,23.02,1017.14,23.07,4.6,1
14.29,7.97,1007.14,20.79,0.0,1
4.9,17.59,997.82,27.57,5.2,1
9.92,0.0,1033.4,20.09,5.8,2
16.01,7.8,1002.98,15.94,6.4,2
3.27,41.04,1011.04,25.59,5.8,2
0.23,20.01,1010.91,38.14,0.0,0
2.94,48.47,1020.1,27.73,0.0,1
17.87,20.67,1017.62,29.25,0.0,1
2.55,21.5,1004.73,13.09,5.8,2
17.11,30.97,1009.74,31.07,0.0,1
2.96,0.0,1010.73,28.65,0.0,0
6.2,24.87,1020.49,23.35,6.4,2
7.51,21.31,1001.32,29.26,0.0,0
2.53,42.8,1033.18,29.19,3.1,1
6.26,35.51,1005.41,20.58,0.0,0
1.18,6.13,1012.91,30.32,0.0,0
5.47,39.39,1001.4,36.38,4.6,1
6.97,18.33,1000.02,26.4,5.2,1
0.26,9.34,1004.26,21.93,0.0,0
2.92,24.76,1003.29,26.76,0.0,0
9.67,19.16,1008.86,33.98,4.6,1
2.21,43.54,1003.21,19.42,3.8,1
11.04,26.77,1019.96,32.05,4.6,1
11.94,24.88,1005.17,23.25,3.8,1
9.64,34.61,1004.06,29.69,5.2,1
14.15,37.3,1009.07,24.05,4.6,1
1.07,32.97,1022.93,24.03,5.2,1
16.57,41.87,1015.15,38.66,5.2,1
2.58,30.52,1012.0,18.14,3.8,0
8.29,24.35,998.67,31.4,0.0,1
27.35,39.35,1001.57,40.12,4.6,2
5.36,20.73,1000.22,32.8,4.6,1
7.68,22.47,1026.07,18.68,4.6,1
2.6,46.1,1018.31,19.03,3.8,1
27.15,44.71,1004.38,22.74,3.1,2
2.92,21.89,1007.36,29.11,0.0,0
12.79,15.65,1004.75,29.58,3.1,1
19.55,42.48,1004.14,19.1,5.8,2
13.77,33.21,1017.6,21.89,5.2,1
10.14,26.42,1010.12,22.32,5.2,1
8.18,17.49,1033.81,26.73,5.2,1
1.82,26.64,1025.5,41.89,6.4,2
26.27,21.7,1026.09,21.47,0.0,2
9.46,12.7,1019.71,21.16,5.2,1
7.68,23.81,1008.77,20.07,0.0,0
2.35,25.72,1018.98,32.45,0.0,0
8.02,16.74,1009.51,27.71,0.0,1
7.26,34.65,1029.3,21.73,3.1,0
27.35,40.04,1017.04,25.46,0.0,2
7.68,35.58,1015.62,22.46,3.1,0
7.9,18.13,1014.27,30.07,0.0,0
2.38,32.58,1030.4,46.79,0.0,0
3.59,23.09,998.66,31.86,3.8,0
11.6,4.7,1031.38,27.35,3.1,1
0.79,31.42,1011.14,23.35,3.1,0
16.5,24.05,998.94,18.6,3.1,1
16.85,58.31,1005.48,33.14,3.1,1
3.2,42.4,996.49,32.76,0.0,1
10.17,31.96,1019.54,24.74,3.8,1
20.03,25.49,1002.62,36.49,5.8,2
6.74,24.29,1014.69,28.15,0.0,0
5.64,7.95,1024.34,33.42,0.0,0
6.32,0.0,1006.28,30.07,5.8,2
9.44,9.78,1010.32,26.76,3.8,1
4.1,21.33,999.97,21.32,0.0,0
5.2,0.0,1009.12,26.98,5.8,2
9.6,14.38,1038.74,33.89,0.0,1
4.79,18.53,1020.78,24.44,4.6,1
2.14,18.98,1010.35,31.08,4.6,1
7.81,12.74,1006.88,20.42,0.0,0
19.1,17.22,1012.57,33.46,5.2,1
10.6,46.13,1014.3,30.19,4.6,1
2.24,31.27,1008.81,19.59,0.0,0
3.57,14.16,1018.3,26.43,5.2,1
5.6,21.04,1003.47,34.52,4.6,1
27.98,21.6,1003.42,19.19,5.8,2
29.09,11.25,1016.7,20.5,5.8,2
26.66,11.23,1001.31,27.51,0.0,2
8.52,36.15,1020.29,42.93,6.4,2
55.62,16.12,1012.86,23.29,0.0,2
3.75,6.67,994.72,31.47,3.1,0
5.41,21.4,1014.09,29.82,4.6,1
15.53,23.65,996.15,23.87,3.8,1
9.64,0.0,1019.93,29.13,0.0,1
10.11,21.43,1010.51,24.87,0.0,1
2.71,34.15,1031.51,25.5,5.8,2
7.21,28.32,1023.71,16.37,5.8,2
3.81,53.22,1002.39,27.83,5.2,1
1.66,39.52,992.79,34.29,3.8,0
4.3,42.29,1005.45,28.4,5.2,1
9.64,61.2,1000.79,35.63,0.0,2
13.62,32.61,1031.26,32.06,6.4,2
0.65,24.28,1012.9,27.58,0.0,0
7.52,35.63,1022.33,23.6,4.6,1
6.92,14.17,1010.15,24.6,3.1,0
9.23,23.51,1011.2,17.71,6.4,2
2.3,12.93,1012.67,26.13,0.0,0
2.35,27.57,1024.07,29.02,4.6,1
19.49,12.87,1016.12,40.01,0.0,1
3.25,12.38,1002.43,31.7,0.0,0
5.16,27.79,1029.23,21.95,3.1,0
5.68,20.07,1010.07,17.92,5.8,2
3.89,0.0,1008.44,26.55,0.0,0
11.31,1.62,984.7,33.68,5.2,1
10.55,5.94,1019.34,26.46,4.6,1
6.65,9.64,1014.01,31.79,6.4,2
4.13,27.8,1014.0,26.73,0.0,0
6.18,25.07,1008.97,33.02,0.0,0
8.08,36.91,1007.25,16.82,6.4,2
3.57,32.54,1009.3,39.23,0.0,0
12.0,37.01,1017.63,20.21,0.0,1
16.41,30.52,1019.39,33.56,5.8,2
22.01,24.94,1010.69,26.09,5.8,2
21.03,37.39,1022.49,27.19,0.0,2
5.65,34.87,1012.21,26.31,5.8,2
8.43,27.27,1007.96,29.79,4.6,1
6.53,39.8,1014.98,31.2,0.0,0
6.51,0.0,999.41,35.41,3.8,0
6.14,17.93,1015.33,37.86,0.0,0
7.64,17.72,997.58,30.32,0.0,0
18.5,38.14,1002.72,40.0,0.0,1
9.89,44.0,992.81,28.65,0.0,1
2.18,1.7,1011.25,35.54,4.6,1
15.88,41.76,1029.1,31.0,5.8,2
9.12,5.6,1011.83,24.16,3.8,1
11.42,6.02,1019.44,29.27,0.0,1
9.73,18.72,1036.52,31.52,3.1,1
10.1,17.55,1017.04,27.77,5.2,1
10.49,0.18,1005.35,30.89,5.8,2
0.89,31.1,1006.72,34.06,5.2,1
11.3,31.51,1013.01,27.84,3.1,1
3.73,36.76,1006.67,7.39,4.6,1
4.78,15.93,1007.42,39.75,0.0,0
7.59,21.45,1022.85,25.92,3.1,0
24.58,21.57,1023.26,22.24,3.8,2
2.64,45.63,996.53,20.13,0.0,1
7.36,0.0,1004.82,25.64,0.0,0
6.0,8.6,1008.36,24.06,5.8,2
15.71,22.08,1018.99,22.84,0.0,1
5.85,6.8,1024.43,23.23,0.0,0
9.21,18.38,1040.02,31.71,4.6,1
2.65,20.23,1008.34,42.21,0.0,0
17.77,12.79,1008.84,33.74,6.4,2
1.49,22.9,1018.89,35.86,6.4,2
11.18,30.79,1006.18,25.36,5.8,2
9.26,18.69,1011.59,28.73,0.0,1
10.42,15.66,1008.85,30.99,5.8,2
1.51,19.68,986.78,23.38,0.0,0
5.73,21.9,1014.23,25.02,0.0,0
15.12,0.0,1011.18,33.98,6.4,2
27.3,28.46,1025.71,35.63,5.2,2
6.88,15.69,1013.05,28.47,0.0,0
14.04,39.66,1000.45,19.63,5.8,2
8.52,30.27,1010.42,25.93,0.0,1
7.21,38.38,992.09,17.91,5.2,1
5.13,7.85,1000.89,28.53,3.1,0
7.62,16.8,1019.36,29.79,0.0,0
13.08,4.61,1010.53,26.11,5.8,2
13.94,12.13,1022.23,29.69,5.2,1
1.94,39.53,993.33,30.92,5.8,2
4.7,42.82,1010.58,29.8,4.6,1
2.5,5.93,1008.24,19.59,5.2,1
7.96,15.58,1022.56,26.23,6.4,2
5.54,20.93,1019.73,30.87,6.4,2
10.13,30.2,1019.42,39.05,4.6,1
10.72,0.0,1028.41,26.1,0.0,1
0.34,0.0,1009.32,31.86,3.1,0
7.57,28.85,1026.35,34.15,4.6,1
18.77,0.0,1002.56,26.62,0.0,1
4.7,15.74,1002.19,36.04,0.0,0
4.56,24.27,1020.53,36.42,3.1,0
16.39,27.82,997.95,37.66,6.4,2
14.44,20.02,1018.73,31.21,0.0,1
2.8,16.88,1014.01,44.52,6.4,2
13.36,33.82,1023.72,23.69,5.8,2
3.53,25.99,1012.41,42.87,0.0,0
4.52,12.94,1013.56,33.38,0.0,0
2.8,22.53,1018.09,37.38,5.8,2
1.92,27.36,1006.37,25.76,5.2,1
8.36,46.06,1005.94,33.91,4.6,1
1.58,33.01,1017.74,37.99,6.4,2
8.66,39.0,1012.71,20.39,0.0,1
8.43,13.45,1008.93,26.86,3.1,1
6.61,14.66,1012.17,13.01,4.6,1
4.92,18.7,1028.95,26.75,0.0,0
4.03,19.99,1008.57,22.29,6.4,2
2.42,7.89,1008.28,26.48,4.6,1
22.13,39.72,995.93,48.47,0.0,2
6.35,34.37,1012.58,40.02,0.0,0
6.15,17.72,1019.57,17.92,0.0,0
2.95,30.98,1021.36,31.89,4.6,1
20.44,25.12,1014.08,33.59,6.4,2
4.29,32.08,1022.56,25.63,0.0,0
9.37,3.18,1020.31,29.25,3.1,1
10.91,19.96,1024.13,29.93,4.6,1
8.37,21.19,1022.84,18.57,3.1,1
1.53,30.73,1028.7,20.78,4.6,1
12.92,13.2,1011.3,29.21,5.2,1
4.24,0.0,999.73,28.7,6.4,2
14.33,6.86,1019.64,23.04,4.6,1
7.16,21.15,1020.81,22.44,5.2,1
11.45,22.89,1028.7,27.37,0.0,1
19.45,45.57,1025.81,34.2,0.0,1
12.55,30.16,1032.45,27.46,0.0,1
11.68,23.14,1019.2,39.36,0.0,1
13.38,21.55,1015.29,23.13,5.8,2
3.4,37.46,999.15,29.35,0.0,0
14.8,13.74,1016.08,25.52,3.8,1
5.91,20.04,1007.47,32.12,4.6,1
6.09,6.75,1015.12,22.53,5.2,1
8.15,41.86,1013.55,41.49,0.0,1
5.41,27.49,1017.72,16.17,5.8,2
2.69,12.09,1012.03,40.01,3.1,0
7.62,20.4,1022.35,28.63,0.0,0
6.12,29.14,985.77,31.87,0.0,0
5.92,18.49,1014.9,37.34,5.8,2
6.95,14.52,1025.02,34.0,6.4,2
5.96,12.84,1031.7,22.89,5.2,1
21.27,26.75,1020.32,32.2,3.1,2
20.04,16.99,1029.85,41.07,6.4,2
7.85,15.65,1014.69,21.79,0.0,0
7.63,3.3,1013.03,42.83,0.0,0
0.23,23.09,1018.29,30.7,5.2,1
4.49,19.46,1012.97,24.97,0.0,0
13.28,17.5,1005.18,21.75,3.8,1
5.29,24.78,1007.85,26.44,4.6,1
16.9,32.47,1001.88,14.31,0.0,1
16.13,31.82,1018.28,25.09,6.4,2
4.4,29.74,1013.11,26.16,0.0,0
8.37,18.63,1009.4,20.48,6.4,2
22.52,14.06,1007.33,33.23,0.0,2
1.48,7.39,1018.05,26.47,3.1,0
5.4,13.7,1020.8,23.55,0.0,0
1.29,22.28,1001.69,25.72,3.8,0
3.14,10.99,1000.12,30.49,0.0,0
27.41,23.34,1022.55,28.51,0.0,2
5.4,8.48,999.25,23.09,3.8,0
0.62,0.0,1018.47,28.88,5.2,1
2.66,33.47,1029.17,27.65,6.4,2
1.11,15.36,1029.19,20.02,5.8,2
8.65,10.28,1020.38,25.98,6.4,2
10.78,6.69,1020.09,32.06,5.8,2
14.96,27.92,1035.52,32.0,5.2,1
12.72,41.25,989.66,26.39,3.1,1
1.58,16.36,1008.36,32.74,6.4,2
10.34,18.98,1021.48,21.14,6.4,2
6.69,37.0,1009.63,21.36,3.8,0
16.64,0.0,1025.4,26.24,0.0,1
13.87,49.54,1012.61,38.48,0.0,1
30.01,56.22,1014.32,29.14,3.8,2
2.9,0.0,1010.25,26.07,4.6,1
2.46,20.63,1007.77,38.81,3.8,0
4.77,11.93,1007.53,25.99,6.4,2
6.93,18.29,1015.71,43.64,3.8,0
3.9,16.14,1005.25,24.42,4.6,1
3.07,33.36,1022.53,20.92,5.2,1
9.79,20.42,1019.53,26.84,6.4,2
4.75,9.25,1023.99,26.26,4.6,1
3.73,19.59,1001.71,22.35,4.6,1
1.58,29.21,996.01,46.21,0.0,0
0.28,5.43,1012.96,30.23,4.6,1
20.52,0.0,1041.99,31.25,0.0,2
20.07,49.9,1025.66,24.77,3.1,2
14.2,13.01,1007.46,23.96,3.8,1
11.72,20.08,1017.25,35.18,0.0,1
4.33,16.43,1020.28,16.27,5.2,1
12.1,29.67,999.32,20.0,0.0,1
2.26,46.82,1026.7,26.27,3.8,1
8.2,30.12,1011.33,37.46,3.1,1
3.41,0.74,1012.09,25.38,3.1,0
12.14,2.62,1013.24,30.91,3.1,1
23.63,16.41,1024.45,28.19,0.0,2
2.65,18.24,1005.45,37.07,0.0,0
4.55,0.0,995.93,16.91,5.8,2
8.07,33.47,1016.23,33.15,0.0,1
0.76,6.79,992.56,26.61,3.8,0
1.18,42.91,1009.99,34.47,0.0,1
23.13,47.49,1024.87,22.27,3.8,2
9.83,18.52,1018.79,28.17,4.6,1
4.1,28.15,1023.42,27.28,3.8,0
7.34,4.75,1019.2,20.98,5.2,1
4.79,30.73,1037.1,19.04,0.0,0
8.28,15.03,1007.12,23.94,4.6,1
4.96,6.78,1016.98,28.91,0.0,0
6.85,17.95,1008.62,22.7,3.8,0
13.0,15.48,1022.57,25.69,0.0,1
12.35,17.45,1012.38,14.8,0.0,1
22.19,35.3,1030.19,25.41,5.2,2
10.41,11.01,1007.69,35.17,5.8,2
7.76,46.29,1027.07,32.94,0.0,1
24.63,3.45,1018.93,27.39,0.0,2
6.22,44.62,1012.68,29.71,0.0,1
0.35,7.77,1018.42,22.2,0.0,0
14.34,21.99,1015.61,39.37,6.4,2
9.42,15.14,1016.56,42.47,4.6,1
7.44,17.19,1010.93,29.15,3.1,0
14.63,33.22,1005.98,46.13,3.8,1
5.0,43.0,1009.65,23.24,3.8,1
0.38,38.67,996.17,19.24,3.8,0
14.86,16.33,1021.42,23.03,3.1,1
3.95,24.58,1000.65,26.46,6.4,2
2.77,11.05,1010.82,44.18,0.0,0
13.91,8.12,1019.48,26.03,3.1,1
19.34,5.95,1021.39,21.98,0.0,1
5.49,15.87,995.25,21.71,3.8,0
14.43,25.49,1012.08,35.98,5.8,2
10.67,0.0,1017.6,34.98,6.4,2
27.97,21.35,1013.52,24.6,3.8,2
10.43,43.22,1026.44,14.87,0.0,1
18.81,37.71,1004.78,20.1,5.2,1
4.41,13.81,992.51,40.05,4.6,1
1.18,2.44,1021.1,32.82,6.4,2
16.18,28.44,1007.63,28.46,3.8,1
1.13,0.0,995.41,41.08,0.0,0
13.79,37.54,1011.41,41.71,6.4,2
2.41,19.01,1025.31,27.75,5.2,1
9.57,47.64,1000.37,27.88,5.8,2
28.34,0.0,1036.36,23.93,0.0,2
12.96,34.85,1004.62,26.01,3.8,1
6.25,20.59,1013.87,17.6,3.8,0
10.87,17.37,1000.81,17.57,0.0,1
4.57,2.82,1013.42,15.94,5.8,2
36.3,30.34,1011.66,35.59,0.0,2
3.65,31.47,998.11,17.07,0.0,0
6.89,46.99,1041.26,41.65,0.0,1
12.06,36.11,1008.05,22.89,6.4,2
10.24,13.69,1008.06,40.16,0.0,1
11.2,7.95,1022.69,25.44,4.6,1
4.66,2.84,1031.14,17.04,0.0,0
6.01,42.63,1024.26,36.99,3.1,1
15.62,11.11,1000.99,37.81,3.8,1
15.03,42.72,1015.14,21.66,0.0,1
10.44,29.35,994.19,25.68,0.0,1
20.57,26.62,1022.02,21.66,4.6,2
16.1,17.7,996.65,27.16,0.0,1
14.69,31.25,1004.97,28.75,3.8,1
1.1,21.78,1012.97,25.54,4.6,1
10.34,16.83,1017.45,15.27,0.0,1
8.86,31.74,1010.39,23.93,0.0,1
22.53,19.98,1028.19,32.92,3.8,2
6.54,10.82,1020.23,26.54,5.2,1
8.25,30.4,1019.45,25.71,0.0,1
2.37,21.1,1000.71,21.48,3.1,0
2.94,28.84,1029.99,23.73,6.4,2
22.58,15.65,1004.97,37.86,3.1,2
11.17,5.07,1030.38,20.02,0.0,1
28.39,46.29,1033.22,33.05,5.2,2
6.43,43.65,1018.13,28.33,3.8,1
1.5,34.37,1023.32,29.71,3.1,0
5.62,16.57,982.17,22.87,5.8,2
4.74,17.8,1011.05,25.54,0.0,0
13.32,41.35,1024.02,27.96,5.2,1
12.91,17.05,1022.25,24.36,3.1,1
11.62,13.14,1000.8,30.32,5.8,2
34.79,48.21,1010.06,31.2,5.2,2
19.69,21.33,987.64,43.21,6.4,2
3.18,46.76,1017.13,29.95,0.0,1
16.5,2.42,994.17,14.61,0.0,1
7.79,29.25,1024.3,36.14,6.4,2
6.27,51.0,1024.83,26.57,3.1,1
21.53,22.42,1008.26,42.08,5.8,2
2.96,18.3,1018.21,38.3,5.2,1
15.67,5.65,1010.83,24.46,3.8,1
13.83,37.15,1015.42,33.05,0.0,1
2.89,11.22,1001.53,23.84,0.0,0
1.04,20.67,1019.22,28.02,5.2,1
7.05,4.72,996.59,32.73,0.0,0
17.96,43.8,994.7,35.79,0.0,1
10.3,38.17,1011.78,34.27,0.0,1
22.04,21.56,1010.89,28.52,6.4,2
9.73,5.84,1015.72,45.38,4.6,1
23.13,43.5,1006.5,25.44,5.2,2
4.26,16.88,1031.86,16.75,4.6,1
11.59,6.53,1014.61,18.1,4.6,1
5.23,0.0,1015.33,38.32,0.0,0
6.85,12.96,1014.97,27.46,3.1,0
8.23,1.64,1023.03,29.11,3.8,1
10.28,13.28,1018.76,24.2,6.4,2
3.68,32.42,1017.42,24.83,6.4,2
11.15,16.74,1020.36,22.49,5.2,1
7.88,26.98,994.75,31.3,5.8,2
1.62,11.87,995.13,27.32,5.8,2
0.82,22.91,1012.24,31.05,5.2,1
18.01,48.89,1011.02,30.38,5.8,2
6.55,17.12,1018.8,25.02,0.0,0
1.4,27.38,1013.2,17.79,0.0,0
25.92,0.08,1018.82,17.18,3.1,2
12.07,43.28,1000.54,49.19,0.0,1
10.05,15.32,1012.89,38.35,3.1,1
3.34,36.71,999.59,37.38,0.0,0
1.59,20.28,1016.87,23.28,6.4,2
8.87,30.56,994.22,28.07,4.6,1
7.45,31.39,1016.48,22.29,0.0,0
2.42,15.67,998.31,18.82,4.6,1
2.32,37.29,1009.16,23.88,5.2,1
2.18,11.37,1021.95,37.28,0.0,0
2.09,32.89,1015.27,33.89,5.8,2
4.11,16.54,996.54,21.21,6.4,2
10.06,26.89,1006.28,25.8,6.4,2
11.49,15.53,997.99,33.24,0.0,1
7.31,22.7,996.05,24.0,3.8,0
8.53,6.95,1014.18,28.56,5.2,1
11.93,25.47,1018.6,30.81,3.1,1
0.52,22.62,1017.41,30.74,3.8,0
9.11,14.44,1019.03,29.78,0.0,1
20.35,21.23,1012.88,23.42,3.1,2
6.4,23.88,1010.27,24.14,5.2,1
17.46,13.37,1002.27,20.06,0.0,1
6.51,20.2,1008.6,17.07,5.8,2
12.58,7.92,999.79,27.2,5.2,1
9.89,54.84,1004.55,33.71,0.0,1
2.14,36.83,1013.89,18.34,5.2,1
2.79,25.82,1011.82,29.91,3.8,0
23.13,38.41,1043.65,33.49,0.0,2
14.8,0.0,999.54,15.14,3.8,1
6.91,0.0,1011.75,26.11,3.8,0
6.11,16.41,998.76,39.52,0.0,0
3.36,2.7,1009.12,31.86,4.6,1
10.6,18.69,1009.53,14.91,4.6,1
3.68,24.88,1021.45,32.61,3.1,0
5.39,34.89,1008.5,22.77,3.8,0
4.1,6.06,1011.09,32.84,4.6,1
14.09,27.59,1008.7,23.17,3.8,1
6.66,22.2,998.99,27.63,3.1,0
8.58,26.87,1006.48,24.24,6.4,2
2.19,14.72,1009.18,28.02,5.8,2
4.07,41.36,1013.74,24.03,3.1,1
8.75,20.55,1018.59,26.44,5.2,1
1.13,46.84,1010.65,19.77,5.8,2
6.21,10.93,1010.48,31.43,0.0,0
7.51,32.4,995.79,29.23,4.6,1
1.87,21.16,1018.4,16.68,5.8,2
10.18,17.41,1006.04,34.95,0.0,1
6.61,30.85,1020.47,26.77,3.1,0
3.77,17.81,1026.16,29.13,5.8,2
1.07,0.0,1011.12,33.35,6.4,2
15.91,0.0,1002.77,30.3,6.4,2
4.92,39.81,1012.83,36.16,4.6,1
1.5,39.22,1016.49,25.95,0.0,0
3.66,48.42,1009.84,35.24,0.0,1
11.08,21.75,1007.36,28.86,5.8,2
9.33,3.9,1018.64,31.55,5.2,1
2.43,16.13,1017.98,30.83,0.0,0
18.1,22.16,1009.54,36.69,0.0,1
1.47,7.9,996.46,33.05,0.0,0
20.95,45.08,1017.56,24.9,5.8,2
9.0,53.35,1005.33,23.51,5.2,1
5.29,28.7,1015.14,27.65,6.4,2
6.02,21.85,1014.51,22.68,0.0,0
8.14,3.87,994.11,20.63,5.2,1
11.79,43.65,1013.81,13.1,6.4,2
0.81,23.07,1018.15,17.16,3.8,0
3.54,17.95,1019.37,41.9,5.2,1
7.92,28.74,1014.17,23.4,4.6,1
18.62,13.8,993.23,41.32,0.0,1
18.09,24.06,1025.77,30.82,3.1,1
24.19,1.81,1017.11,27.65,0.0,2
17.45,37.22,1000.97,17.5,0.0,1
3.26,20.54,1005.12,28.03,4.6,1
7.49,38.22,1015.31,41.25,6.4,2
17.53,19.18,1019.8,38.9,0.0,1
16.25,20.09,1008.12,29.92,0.0,1
6.31,5.03,1021.26,19.96,5.2,1
11.53,32.64,995.07,21.3,0.0,1
4.89,9.74,1002.58,22.03,0.0,0
1.32,15.19,992.36,36.95,0.0,0
6.82,22.01,1004.03,39.42,0.0,0
6.46,23.7,1028.08,29.37,6.4,2
4.67,0.0,1033.58,25.88,3.8,0
11.83,18.77,1015.35,38.84,6.4,2
6.11,33.13,1006.62,21.15,5.2,1
10.54,16.7,1010.78,28.36,3.1,1
13.89,18.85,1017.73,31.24,6.4,2
37.8,24.27,997.37,21.96,0.0,2
6.93,20.24,1007.28,23.55,0.0,0
18.82,7.57,1027.35,23.0,5.8,2
9.21,21.49,1002.54,37.92,3.8,1
9.67,35.92,1005.51,41.4,3.1,1
7.01,7.28,1013.13,28.8,4.6,1
8.55,16.76,1015.83,26.12,6.4,2
6.17,2.66,1006.75,23.8,0.0,0
16.42,35.18,1013.77,28.01,6.4,2
3.68,20.71,1019.08,24.15,6.4,2
1.3,10.1,1032.61,27.32,5.2,1
4.52,23.29,1011.74,30.89,0.0,0
4.05,5.15,1012.59,25.16,0.0,0
4.51,7.53,1028.27,26.67,0.0,0
6.68,1.56,1007.51,26.7,5.2,1
4.53,7.07,999.76,25.78,3.1,0
6.6,41.0,1015.5,24.91,6.4,2
4.54,11.74,1023.76,33.34,0.0,0
10.72,28.53,1016.61,15.6,3.1,1
37.56,10.29,1012.03,39.02,0.0,2
9.06,32.63,998.52,28.95,5.8,2
4.73,7.63,1012.42,32.27,0.0,0
0.23,22.55,1025.33,33.08,3.1,0
29.05,22.74,1000.66,23.04,5.8,2
9.49,54.59,1010.55,21.6,6.4,2
6.55,30.83,1009.13,20.77,6.4,2
0.26,13.7,1006.02,26.27,4.6,1
6.86,31.59,1015.48,32.89,0.0,0
8.49,51.93,1017.43,23.91,0.0,1
4.56,0.0,1017.33,32.26,3.1,0
1.67,10.21,1003.23,11.42,3.8,0
1.53,18.68,996.54,25.3,3.8,0
29.38,16.16,1015.62,36.17,0.0,2
8.28,17.34,1007.94,26.8,5.2,1
4.56,3.74,1031.38,22.2,3.1,0
7.86,41.66,1031.85,23.4,0.0,1
7.39,2.08,1032.91,6.8,6.4,2
1.43,19.2,1003.6,20.92,3.1,0
15.6,36.64,1018.69,35.4,0.0,1
6.39,21.58,1021.71,23.92,3.8,0
8.38,8.29,1020.58,24.75,6.4,2
22.58,3.12,1009.46,11.68,5.8,2
1.74,18.78,1025.79,16.58,0.0,0
3.48,11.4,1013.0,36.33,5.2,1
9.92,24.87,1014.28,32.32,4.6,1
15.36,2.38,997.62,18.92,5.8,2
4.14,33.38,1019.45,23.59,6.4,2
4.38,23.62,1010.4,27.8,5.2,1
12.69,24.66,1017.65,19.63,4.6,1
35.5,42.18,1015.35,13.97,3.1,2
8.09,15.87,1014.81,26.89,6.4,2
3.47,11.84,1012.54,32.01,6.4,2
2.46,14.33,1020.87,32.14,6.4,2
6.67,19.3,1011.01,34.13,6.4,2
14.82,20.73,998.45,17.13,4.6,1
46.74,10.37,1018.69,28.41,6.4,2
5.69,0.0,1004.91,26.12,5.8,2
8.1,14.15,999.76,27.39,0.0,1
25.92,27.04,1002.78,26.52,0.0,2
9.79,23.91,1015.83,23.38,6.4,2
9.11,38.79,1012.03,6.88,3.1,1
22.37,49.38,991.67,36.13,5.8,2
8.26,32.63,1009.16,30.31,0.0,1
2.71,41.36,1024.69,17.61,3.1,1
19.08,32.73,1008.49,31.31,5.8,2
1.12,45.94,1011.35,24.87,3.8,1
16.73,47.91,1023.43,25.07,5.2,1
7.55,35.32,1020.95,22.62,0.0,0
5.74,31.89,1023.22,31.76,4.6,1
5.61,19.13,985.27,22.4,3.8,0
6.64,21.42,1030.34,20.32,6.4,2
4.98,17.27,1019.36,35.92,3.8,0
11.0,30.7,1037.61,26.75,0.0,1
5.16,11.92,1005.18,26.97,5.2,1
7.6,19.32,995.37,32.85,6.4,2
0.54,0.0,1013.07,23.33,5.8,2
7.55,46.12,1010.25,24.72,0.0,1
4.89,18.91,1019.54,30.14,6.4,2
15.8,28.38,1023.75,17.21,3.1,1
5.97,42.41,1012.13,29.55,5.8,2
14.07,26.2,1010.59,22.71,4.6,1
12.84,42.22,1018.23,33.99,6.4,2
13.12,4.62,1010.44,31.83,3.1,1
6.17,55.56,1009.6,30.9,4.6,1
7.99,37.22,1023.37,16.75,5.2,1
10.76,24.93,1025.6,27.28,0.0,1
8.21,41.95,1023.84,19.76,5.2,1
5.98,5.64,1011.32,27.74,0.0,0
3.0,17.96,991.6,11.79,5.8,2
7.67,42.22,1011.52,17.21,0.0,1
1.31,0.0,1005.42,36.32,0.0,0
0.47,29.85,1011.7,30.58,3.8,0
2.27,29.45,1006.29,25.52,0.0,0
13.0,49.57,1012.79,21.64,0.0,1
9.27,0.0,1002.61,20.41,0.0,1
13.1,44.53,1000.19,29.4,0.0,1
3.82,14.17,1025.23,25.59,3.8,0
17.05,15.74,1003.3,38.83,0.0,1
1.53,4.89,1013.0,26.71,0.0,0
2.38,6.77,1022.55,28.41,4.6,1
16.83,27.65,1022.14,18.28,0.0,1
8.71,6.43,1020.95,25.48,5.2,1
13.16,32.36,1016.03,29.24,5.8,2
9.3,12.72,1020.24,25.39,0.0,1
4.4,5.02,1026.73,24.6,6.4,2
2.05,14.61,1017.25,30.29,5.2,1
0.73,26.71,994.63,38.6,5.8,2
27.53,18.12,1007.71,29.01,3.8,2
1.06,22.48,1019.96,36.01,0.0,0
21.82,31.75,1006.73,32.35,5.8,2
8.31,37.15,1029.2,35.59,4.6,1
9.55,17.66,1012.37,23.73,0.0,1
9.03,7.38,1013.85,26.55,0.0,1
11.89,23.07,1024.25,26.58,0.0,1
3.44,28.59,1011.17,31.82,3.1,0
0.36,1.55,1014.76,33.55,3.1,0
4.31,9.53,1021.99,28.88,3.1,0
11.09,11.93,998.28,34.14,5.8,2
2.4,19.09,1010.15,24.06,6.4,2
17.37,11.35,1021.29,34.2,5.2,1
6.76,31.9,1013.66,35.11,4.6,1
2.15,0.0,1027.67,32.74,5.8,2
8.64,0.0,997.24,28.94,0.0,1
10.94,17.33,996.1,32.99,4.6,1
11.59,19.54,1020.7,21.74,4.6,1
16.84,1.63,1021.66,29.39,0.0,1
1.38,13.51,1011.07,30.1,6.4,2
16.86,16.39,1017.0,18.69,0.0,1
18.06,16.49,1020.45,31.32,0.0,1
2.06,24.13,1004.86,19.26,0.0,0
2.59,12.74,1005.93,25.0,5.8,2
13.7,42.69,1014.9,28.28,3.1,1
5.19,28.83,1022.04,22.88,0.0,0
20.11,10.7,1001.34,28.58,5.8,2
24.4,23.32,1011.02,28.47,0.0,2
2.14,23.74,1010.56,22.26,0.0,0
3.37,39.01,1017.18,31.98,6.4,2
8.26,13.59,1012.91,22.65,0.0,1
0.34,32.74,1007.54,44.02,0.0,0
0.77,22.59,1025.49,27.23,3.1,0
2.97,42.88,1007.61,19.8,5.2,1
30.7,40.07,1010.08,21.11,5.2,2
9.38,24.76,997.09,36.03,0.0,1
3.98,18.33,1005.86,25.14,0.0,0
2.57,29.09,1018.16,18.45,4.6,1
2.03,19.47,1016.21,33.98,4.6,1
4.29,45.52,1019.0,25.09,4.6,1
4.04,23.1,1018.51,32.57,3.1,0
6.11,16.32,1033.88,34.55,5.8,2
11.37,15.57,1005.52,29.92,0.0,1
7.02,5.02,996.81,44.77,5.8,2
14.35,29.79,1002.49,15.93,6.4,2
5.71,10.52,1005.96,22.27,5.2,1
25.78,37.37,1003.26,26.21,3.1,2
14.07,3.9,1013.94,43.83,3.1,1
9.16,23.78,1025.53,40.59,3.1,1
11.4,38.1,1028.4,37.02,0.0,1
4.41,0.0,1018.04,22.44,0.0,0
6.02,50.26,1034.41,23.26,4.6,1
5.81,16.05,1009.44,22.2,3.8,0
3.51,23.98,996.67,22.52,3.8,0
1.62,30.0,1023.53,38.45,3.8,0
11.91,32.17,994.61,26.29,0.0,1
16.16,25.83,1005.45,27.22,5.8,2
10.57,35.96,1018.2,33.42,6.4,2
7.0,29.27,1011.98,16.36,0.0,0
34.5,46.65,1011.09,28.37,0.0,2
3.93,29.31,1001.19,20.32,4.6,1
9.43,49.5,1012.89,25.94,0.0,1
17.98,34.62,1023.04,23.9,0.0,1
2.3,0.0,1013.2,23.53,6.4,2
12.66,58.56,1004.7,29.58,0.0,1
27.03,13.96,1000.52,29.55,4.6,2
7.53,42.94,1004.9,26.46,5.8,2
8.73,22.38,1016.92,30.59,5.2,1
3.96,36.86,1016.44,21.92,0.0,0
11.29,12.36,1004.99,32.77,0.0,1
3.42,30.76,990.89,26.56,5.2,1
7.14,18.46,1017.2,24.61,3.1,0
1.36,44.11,1004.02,22.44,6.4,2
4.81,28.14,1019.89,26.31,4.6,1
4.73,35.1,1005.44,41.09,0.0,0
5.22,0.0,1003.12,27.56,0.0,0
13.74,20.8,1014.53,19.99,5.2,1
16.51,27.75,1036.58,34.43,5.2,1
9.77,25.13,1020.49,24.7,5.2,1
12.99,35.46,1014.36,29.99,0.0,1
3.52,16.88,1016.59,23.76,0.0,0
2.67,22.68,995.49,36.97,0.0,0
11.48,38.54,1001.78,23.86,5.2,1
2.26,0.0,987.89,37.79,0.0,0
1.97,30.25,1030.3,20.66,5.8,2
7.97,17.33,1028.27,25.95,0.0,0
4.73,9.23,1016.93,37.8,3.8,0
4.21,26.71,1014.35,29.18,0.0,0
1.42,39.18,997.48,43.9,3.1,0
9.6,36.55,1010.81,26.12,5.2,1
5.7,20.11,1030.92,29.8,0.0,0
16.15,34.26,1014.31,41.34,4.6,1
11.78,34.15,1007.35,17.4,0.0,1
5.52,20.78,995.42,16.54,0.0,0
0.54,12.3,1026.8,22.43,5.2,1
7.99,13.11,1012.3,33.69,4.6,1
7.37,33.73,995.43,16.73,4.6,1
0.36,21.41,1003.76,32.18,0.0,0
10.7,7.35,1000.22,31.69,0.0,1
2.17,0.0,1011.68,42.1,3.1,0
16.81,33.65,1015.07,35.32,0.0,1
6.97,14.35,1007.97,30.55,5.8,2
4.09,26.63,1020.77,37.51,0.0,0
9.0,39.36,1013.79,31.77,5.2,1
8.53,3.68,1023.62,24.78,0.0,1
8.26,21.37,1009.43,19.99,4.6,1
15.13,19.61,1043.45,24.01,0.0,1
9.47,27.32,1007.36,27.72,0.0,1
3.73,39.35,1003.97,29.23,3.1,0
5.86,3.39,1002.74,13.05,0.0,0
21.53,29.98,1010.89,26.46,0.0,2
3.38,36.44,995.8,28.2,5.2,1
10.55,19.39,1015.95,31.83,3.1,1
15.56,20.08,993.95,39.39,4.6,1
11.41,27.86,1014.62,29.3,4.6,1
8.03,26.83,999.49,21.63,4.6,1
9.15,30.15,1009.19,15.27,4.6,1
12.0,29.86,1019.05,32.81,6.4,2
3.34,8.25,1036.04,21.92,4.6,1
7.41,35.86,1002.22,34.07,3.1,0
34.36,38.33,1011.5,37.78,0.0,2
10.82,24.61,1005.76,17.19,5.8,2
8.28,1.08,1004.3,31.88,3.1,1
5.32,20.39,1005.85,37.05,4.6,1
3.38,24.72,1021.24,35.13,5.8,2
9.41,5.98,1008.12,13.33,0.0,1
9.96,16.96,1035.49,22.02,0.0,1
6.98,2.27,1017.16,19.04,0.0,0
44.39,30.5,1002.9,31.66,0.0,2
3.7,24.32,1009.33,30.89,4.6,1
2.85,0.0,1004.98,9.11,3.8,0
5.4,26.92,1021.0,25.89,0.0,0
7.18,21.21,996.61,33.61,0.0,0
3.2,29.23,999.59,29.04,5.2,1
9.22,16.52,1007.08,29.02,0.0,1
10.07,10.78,1019.83,25.45,5.2,1
13.15,11.21,1025.33,20.59,6.4,2
4.59,14.47,1026.81,27.88,3.8,0
20.21,22.26,1018.3,28.36,3.8,2
12.46,24.07,1012.17,32.31,3.8,1
3.62,19.33,1020.95,32.88,0.0,0
3.18,16.07,1001.55,28.6,4.6,1
5.75,17.08,994.55,35.66,3.1,0
10.09,57.11,1017.37,25.38,3.8,1
11.33,11.21,1002.94,17.89,0.0,1
12.44,14.19,1012.35,31.34,5.8,2
32.81,68.11,1014.2,28.88,3.1,2
0.86,27.89,1015.48,31.48,0.0,0
6.81,2.68,1022.38,19.15,5.8,2
30.87,33.8,1021.32,40.54,6.4,2
13.63,9.26,1014.95,32.97,3.8,1
2.65,34.73,1008.58,25.98,0.0,0
8.83,19.05,1014.08,21.45,6.4,2
6.45,15.84,1007.04,35.54,0.0,0
6.24,44.53,1011.04,20.29,0.0,1
4.51,29.93,1039.18,43.83,5.2,1
8.23,35.62,1014.82,23.71,0.0,1
17.48,28.09,1017.5,40.04,0.0,1
4.92,15.78,1005.95,26.71,5.2,1
12.52,30.56,1023.2,39.07,0.0,1
14.28,38.93,1020.6,22.86,5.8,2
20.08,23.89,1020.67,28.13,0.0,2
3.12,47.22,1015.15,33.63,6.4,2
7.68,33.91,1023.34,32.63,5.2,1
4.0,24.97,1025.72,35.71,0.0,0
8.24,25.52,1015.83,24.59,4.6,1
8.2,23.92,1011.85,28.59,6.4,2
2.33,4.48,1021.95,36.74,0.0,0
8.67,20.74,1003.96,23.06,5.8,2
33.98,25.1,1005.82,32.01,3.8,2
11.37,16.17,1012.47,26.47,6.4,2
1.8,26.73,995.59,29.44,0.0,0
2.91,22.3,1021.28,28.59,5.2,1
7.34,32.83,1003.37,22.48,6.4,2
2.99,31.28,1008.29,26.18,3.1,0
19.29,24.34,1010.87,29.01,0.0,1
1.54,2.86,1013.39,27.28,3.1,0
11.43,47.07,1009.56,39.01,4.6,1
1.14,20.01,1012.33,35.07,4.6,1
7.24,20.87,1012.4,30.03,3.8,0
2.53,17.2,1008.53,22.66,6.4,2
13.13,15.16,1005.27,22.23,4.6,1
16.94,43.62,1023.81,41.82,4.6,1
10.07,41.4,991.96,20.93,6.4,2
17.53,28.22,1010.94,28.8,6.4,2
0.2,20.49,1008.31,30.53,3.1,0
8.57,30.67,1017.19,25.82,0.0,1
11.3,23.03,998.46,20.98,5.2,1
12.49,19.34,1008.0,22.51,3.8,1
10.77,26.73,1011.98,24.17,3.8,1
12.71,15.82,1023.7,23.03,5.2,1
8.49,25.53,1016.32,37.29,4.6,1
1.82,24.86,1001.17,27.94,6.4,2
4.47,30.44,1008.13,24.33,3.1,0
19.37,13.33,1021.86,28.75,5.2,1
17.77,31.94,1000.99,32.68,0.0,1
11.14,9.31,1012.21,25.59,6.4,2
13.35,13.98,1012.91,34.31,0.0,1
16.22,14.6,1009.14,19.1,5.2,1
11.03,6.99,1039.96,36.2,0.0,1
18.96,36.22,1008.87,27.94,5.8,2
18.49,8.43,1017.5,27.66,6.4,2
4.66,12.22,1005.34,23.15,5.8,2
4.75,39.58,1018.28,19.41,5.8,2
10.38,14.01,1021.71,16.33,3.8,1
29.59,19.37,1007.12,22.66,0.0,2
20.08,7.83,1012.45,32.11,6.4,2
14.66,33.66,1004.05,21.27,3.8,1
21.1,33.85,1001.56,17.16,5.8,2
11.47,32.35,1023.37,21.64,5.2,1
5.81,29.53,1007.46,25.31,5.2,1
34.88,23.03,988.86,25.58,3.1,2
10.8,14.66,1030.65,27.1,3.1,1
18.19,10.59,1004.98,35.23,3.1,1
0.19,40.06,1010.54,36.74,4.6,1
0.31,32.71,1029.41,42.04,5.2,1
8.8,12.29,1011.58,16.63,0.0,1
2.99,22.56,1011.37,22.01,0.0,0
9.5,17.8,1000.72,32.89,0.0,1
4.74,6.21,996.65,24.82,3.8,0
45.79,24.49,1011.34,34.03,5.2,2
17.12,16.18,1016.63,29.45,0.0,1
22.61,8.66,1016.06,39.05,5.2,2
0.46,1.29,1008.19,35.3,0.0,0
14.5,0.11,1013.2,35.43,5.8,2
6.47,16.8,994.63,25.12,5.2,1
22.92,20.81,1017.6,27.32,5.2,2
12.9,9.75,1014.61,25.86,5.2,1
7.35,31.11,1032.74,17.46,3.1,0
2.08,21.08,1013.07,38.3,6.4,2
8.66,30.08,1003.57,33.22,5.2,1
19.04,19.44,1012.49,25.58,0.0,1
5.46,10.98,1009.72,37.13,6.4,2
40.72,23.6,1017.35,23.59,5.2,2
17.94,4.32,1013.27,15.13,0.0,1
3.06,29.55,1000.4,35.05,6.4,2
2.33,8.88,996.64,19.05,0.0,0
6.85,34.86,1015.63,26.63,4.6,1
5.45,17.26,1026.83,29.44,5.2,1
11.54,36.88,1013.79,30.7,6.4,2
7.89,6.28,1021.13,33.94,4.6,1
5.9,12.51,1023.13,32.07,6.4,2
1.24,27.33,1015.67,31.85,0.0,0
13.22,38.39,1004.86,22.46,5.8,2
1.09,45.33,1014.95,30.06,0.0,1
17.99,22.58,1025.07,17.46,6.4,2
0.56,47.73,1018.3,38.93,5.2,1
1.0,17.94,1020.48,18.18,4.6,1
3.04,37.38,1008.37,25.57,0.0,0
4.99,8.81,1010.98,18.77,3.8,0
4.03,27.88,1011.81,22.89,0.0,0
4.97,0.0,1012.49,28.09,6.4,2
9.66,6.3,1024.68,24.3,3.1,1
3.12,28.53,989.53,36.01,5.8,2
9.74,3.63,1013.31,29.59,6.4,2
2.99,27.98,1012.21,24.76,0.0,0
0.93,34.69,999.28,27.06,5.2,1
17.83,14.98,1019.72,36.54,0.0,1
3.6,8.43,1005.75,34.36,0.0,0
12.57,15.36,1009.43,20.03,0.0,1
0.69,8.48,1031.49,23.24,3.8,0
23.61,20.58,1023.1,31.32,5.8,2
8.3,23.43,1018.74,30.47,5.2,1
7.49,17.72,1016.81,20.65,0.0,0
1.26,45.44,1011.35,33.24,0.0,1
2.59,11.93,1032.99,21.76,0.0,0
6.08,41.48,1021.02,37.13,5.2,1
2.71,7.42,1005.5,31.71,3.8,0
16.5,23.02,999.0,20.08,0.0,1
8.08,38.56,1018.67,24.3,0.0,1
2.75,37.84,1012.44,24.17,0.0,0
14.58,16.12,998.71,29.12,6.4,2
5.33,29.77,1017.29,26.57,3.8,0
14.07,27.9,1010.31,19.98,3.8,1
4.53,14.44,1018.31,18.24,5.2,1
11.87,30.62,1017.42,31.84,0.0,1
5.15,48.07,1006.92,30.0,0.0,1
16.5,28.6,1019.33,28.74,0.0,1
0.71,29.93,1008.02,29.9,0.0,0
1.87,31.41,1008.67,23.67,5.8,2
6.6,1.55,1007.68,29.29,5.8,2
3.77,28.44,1024.31,45.77,4.6,1
5.0,7.77,1010.19,36.22,6.4,2
13.0,13.74,1026.72,25.98,3.8,1
4.89,52.27,1030.83,24.34,0.0,1
10.03,18.45,1005.61,7.98,0.0,1
2.97,11.64,983.79,35.48,0.0,0
0.48,38.14,1023.45,33.51,6.4,2
14.0,8.73,1009.58,24.19,4.6,1
27.65,15.74,1004.34,17.98,5.2,2
9.16,39.49,1007.11,19.91,0.0,1
6.94,22.6,1008.85,31.11,5.2,1
8.35,0.14,1025.97,27.37,0.0,1
21.22,29.62,1014.6,32.84,3.8,2
9.26,16.45,1025.84,28.61,4.6,1
14.54,43.56,1017.94,34.77,6.4,2
14.03,13.51,1009.91,30.59,4.6,1
17.6,36.72,1009.1,33.8,5.2,1
6.81,46.86,1018.62,13.37,4.6,1
4.47,10.09,1021.2,19.36,3.1,0
11.98,19.3,1022.97,25.45,6.4,2
16.65,27.44,1010.38,35.56,6.4,2
19.15,10.0,1014.75,41.16,0.0,1
23.2,25.78,1018.84,26.85,6.4,2
15.5,18.85,1009.16,23.72,3.8,1
4.22,18.57,1001.65,14.32,5.2,1
9.16,22.69,1004.94,34.04,3.8,1
8.47,23.0,1010.59,24.15,5.2,1
7.67,24.29,1019.62,48.71,5.8,2
12.0,13.62,1025.59,22.82,3.1,1
6.24,14.23,999.44,42.74,5.2,1
6.25,20.34,1007.03,33.24,3.8,0
28.89,21.37,1009.42,20.8,5.8,2
7.14,15.86,1020.95,29.63,0.0,0
17.5,26.54,1007.72,33.4,5.2,1
18.29,0.0,1008.7,26.42,4.6,1
9.37,11.77,998.88,33.87,3.8,1
6.48,18.08,1017.83,33.71,3.1,0
3.11,10.01,1011.39,32.17,5.2,1
1.07,44.81,1006.46,27.88,3.1,1
12.71,22.26,1010.4,19.78,0.0,1
10.7,24.47,1024.27,27.46,6.4,2
14.25,15.23,1002.95,29.23,3.8,1
4.76,21.78,1004.58,14.87,0.0,0
31.04,4.99,1025.52,29.18,0.0,2
11.5,19.62,1013.76,27.32,5.8,2
6.89,8.88,1019.7,18.92,0.0,0
5.31,18.12,1017.02,25.67,0.0,0
14.8,0.0,1012.65,25.82,3.8,1
22.76,6.21,1009.52,41.51,0.0,2
7.92,42.49,1021.32,29.54,4.6,1
25.56,33.63,1024.62,35.25,0.0,2
2.85,40.47,1023.84,27.18,5.8,2
10.97,41.43,1001.15,14.88,3.1,1
11.23,31.42,1026.05,32.71,0.0,1
12.79,15.66,1009.42,23.39,3.8,1
8.9,7.48,1005.45,25.65,0.0,1
10.48,38.05,1011.31,20.63,0.0,1
2.77,22.9,1021.31,28.51,0.0,0
21.14,56.92,1018.4,35.46,5.2,2
16.19,16.89,1010.45,34.53,6.4,2
10.13,49.62,1021.38,39.1,3.8,1
16.49,19.8,1014.4,40.1,0.0,1
21.65,40.7,1007.27,13.68,0.0,2
12.64,45.75,1005.92,19.64,5.8,2
33.48,7.68,1017.1,15.34,3.1,2
13.5,15.21,1012.17,32.42,0.0,1
3.29,7.54,999.24,23.15,0.0,0
9.71,4.78,1021.47,24.58,4.6,1
16.99,31.34,1008.2,26.48,0.0,1
21.67,19.25,1028.92,30.68,6.4,2
9.07,22.73,998.97,17.6,0.0,1
3.01,29.79,1011.19,19.19,0.0,0
6.35,0.0,1006.0,28.01,5.2,1
1.69,40.01,1003.25,36.39,3.1,1
14.63,17.11,1008.13,27.82,5.2,1
5.25,29.45,1030.71,22.46,0.0,0
3.88,30.69,1014.43,12.96,5.8,2
15.77,41.19,1005.08,34.67,0.0,1
25.18,20.53,994.71,22.85,5.2,2
3.86,0.0,995.79,19.97,6.4,2
9.12,22.8,1007.64,15.99,3.8,1
6.6,24.81,1006.66,17.93,3.1,0
22.42,7.52,1010.76,21.27,0.0,2
7.32,24.06,990.28,26.33,5.2,1
2.7,16.95,1012.08,19.54,0.0,0
7.64,3.2,1023.28,29.3,0.0,0
19.02,31.4,1029.23,26.27,4.6,1
6.24,14.11,994.06,43.55,0.0,0
4.29,16.31,1004.99,16.07,0.0,0
7.02,15.52,1004.46,29.13,4.6,1
2.8,39.3,1014.46,29.22,0.0,0
6.59,21.43,1000.8,20.79,6.4,2
4.63,23.11,1029.82,28.67,6.4,2
37.91,15.83,1013.44,33.39,0.0,2
3.27,28.48,1011.77,28.68,0.0,0
4.29,40.89,1028.93,37.69,6.4,2
2.82,31.07,1012.84,12.76,0.0,0
11.06,31.62,1017.0,22.1,3.8,1
3.78,30.49,1005.49,38.33,6.4,2
1.46,2.68,999.29,34.38,4.6,1
8.43,9.73,1006.9,31.78,0.0,1
5.91,19.13,1034.87,36.63,0.0,0
3.98,11.84,1019.33,14.58,3.1,0
22.01,7.1,1015.75,33.57,3.8,2
11.37,0.0,1003.24,35.45,0.0,1
10.34,3.15,1022.11,23.39,3.8,1
11.58,18.41,999.42,46.4,3.1,1
11.1,21.03,997.33,29.37,0.0,1
6.2,10.9,1007.41,12.65,6.4,2
3.83,23.1,1032.54,30.67,6.4,2
8.59,15.93,1031.98,22.96,5.2,1
6.09,37.27,1008.49,36.15,4.6,1
2.54,19.74,1006.26,31.84,3.8,0
5.39,31.75,996.6,23.81,0.0,0
16.04,24.84,1013.78,38.52,0.0,1
8.63,2.37,1014.62,34.58,0.0,1
3.14,20.73,1020.9,22.2,3.1,0
2.29,4.7,1022.11,26.94,3.8,0
18.75,20.49,1011.03,31.62,4.6,1
6.47,11.57,1018.56,25.45,3.1,0
0.03,27.35,1005.99,25.66,0.0,0
6.86,3.21,1018.37,28.26,5.2,1
13.44,22.21,1007.93,20.54,0.0,1
2.21,30.01,1017.59,12.37,0.0,0
8.07,34.71,1016.79,29.67,5.2,1
8.75,11.3,1013.69,14.08,4.6,1
2.37,22.25,1020.95,21.05,5.8,2
20.06,24.58,997.3,15.6,5.2,2
8.88,43.66,1002.35,16.46,6.4,2
5.36,1.26,1010.3,30.98,4.6,1
6.51,9.24,998.57,26.44,5.8,2
1.86,61.26,1008.93,26.19,0.0,2
1.76,18.18,1009.25,18.79,3.8,0
4.89,0.0,1026.1,23.41,6.4,2
5.19,13.84,1014.43,30.64,5.8,2
6.12,0.0,1023.29,27.64,3.1,0
21.41,25.37,1016.02,33.76,6.4,2
12.87,33.34,1007.64,34.76,0.0,1
0.81,9.24,1014.34,26.23,0.0,0
18.43,15.41,1020.29,15.03,5.8,2
4.85,34.93,1024.93,22.7,3.1,0
13.87,0.0,1011.68,27.32,0.0,1
5.24,3.5,996.52,22.56,0.0,0
8.4,18.81,995.82,20.62,0.0,1
2.04,11.47,1009.74,28.49,6.4,2
10.07,17.89,989.62,45.01,5.8,2
15.14,4.31,1030.95,24.58,6.4,2
1.08,25.0,1018.97,27.98,0.0,0
15.32,19.91,1006.64,18.82,5.8,2
3.81,29.69,1001.9,36.7,4.6,1
26.64,24.81,1023.28,34.12,0.0,2
14.07,24.89,1001.86,33.64,5.2,1
12.2,1.75,1002.82,37.52,6.4,2
6.55,28.9,1005.34,25.01,3.8,0
42.89,17.37,1014.14,25.88,0.0,2
4.88,19.67,1019.21,39.97,5.8,2
2.61,36.68,1024.93,32.43,0.0,0
3.95,11.93,1023.45,12.47,0.0,0
17.31,40.92,1013.01,31.18,4.6,1
8.26,42.22,1023.21,23.93,5.8,2
7.23,32.54,1006.29,34.29,5.8,2
4.95,8.27,994.79,30.86,5.8,2
6.89,0.0,1006.29,15.82,5.8,2
4.62,37.1,1004.94,29.88,0.0,0
13.14,23.56,1006.68,29.47,0.0,1
5.99,11.57,1003.41,30.54,5.2,1
4.03,38.43,1008.39,32.03,3.1,0
16.21,9.94,1019.2,38.47,5.2,1
2.71,16.06,1030.15,30.9,3.8,0
8.36,29.35,995.75,28.16,3.8,1
0.62,6.41,1000.12,36.04,0.0,0
1.58,20.47,1005.09,43.7,4.6,1
5.4,37.25,1020.66,34.41,5.8,2
4.54,24.96,1010.95,29.44,5.8,2
4.53,39.46,1005.76,31.03,3.1,0
14.18,37.87,1020.17,29.79,5.2,1
14.83,22.11,1022.56,28.13,0.0,1
9.8,0.0,1012.81,43.16,4.6,1
2.55,6.52,1004.84,22.76,3.1,0
6.84,32.69,1015.7,36.08,6.4,2
29.41,0.3,1010.67,27.12,5.2,2
39.94,17.43,1010.59,17.64,0.0,2
16.33,26.74,1007.88,26.68,5.8,2
2.66,42.57,1022.25,24.17,5.2,1
6.9,13.95,1015.5,32.04,0.0,0
9.27,12.99,1023.36,28.64,0.0,1
8.12,21.27,1026.36,20.85,0.0,1
17.66,26.91,1017.59,38.3,0.0,1
13.69,19.84,1007.94,35.63,6.4,2
2.5,36.69,1023.4,39.1,6.4,2
4.13,10.81,1017.66,29.66,3.8,0
16.28,23.68,1039.03,27.75,3.1,1
21.94,28.23,1016.1,32.92,3.1,2
9.36,16.4,1019.98,23.96,6.4,2
23.97,33.76,1015.9,28.91,0.0,2
8.48,24.09,1012.01,26.77,5.2,1
3.04,33.04,1010.41,17.77,6.4,2
12.72,24.72,1015.94,28.89,5.8,2
1.88,27.27,1018.21,24.91,5.2,1
23.31,13.15,1024.54,26.3,6.4,2
12.16,13.17,1016.09,30.55,0.0,1
3.88,39.14,1008.37,36.91,6.4,2
0.64,30.9,1009.73,22.06,0.0,0
0.29,7.68,999.77,25.64,0.0,0
4.52,24.53,1029.61,22.64,0.0,0
10.6,0.0,1007.59,22.19,4.6,1
15.37,13.96,1022.67,23.84,0.0,1
18.2,35.45,1015.77,26.62,4.6,1
9.84,20.25,1016.04,32.1,0.0,1
8.6,23.65,1011.83,30.24,5.2,1
5.57,0.0,1005.12,20.6,0.0,0
10.82,16.51,1003.31,37.06,3.8,1
3.94,26.74,1030.28,34.61,0.0,0
2.01,28.51,1014.14,21.69,6.4,2
8.14,35.47,1024.25,36.57,3.1,1
14.47,19.06,1026.85,30.29,4.6,1
1.51,19.68,1008.89,26.9,3.8,0
4.52,3.35,1017.24,30.51,4.6,1
7.88,19.14,1013.45,27.82,3.8,0
7.74,4.34,1001.43,31.82,0.0,0
11.9,0.0,1011.15,29.31,5.8,2
28.81,6.81,1018.88,25.64,4.6,2
0.29,43.12,1008.01,13.82,0.0,1
29.75,18.21,1009.75,31.69,0.0,2
27.88,25.08,1011.27,25.38,5.8,2
15.57,14.81,1034.12,33.45,0.0,1
9.22,0.0,994.66,31.37,6.4,2
4.03,35.11,1018.02,25.57,5.2,1
15.43,0.0,1010.47,35.16,6.4,2
9.63,14.23,1006.59,29.43,4.6,1
5.68,21.24,1010.22,29.15,0.0,0
15.12,25.23,1019.67,27.03,0.0,1
17.2,11.83,1020.25,39.78,0.0,1
21.81,0.0,1014.86,23.01,3.1,2
3.57,10.78,1023.93,25.74,4.6,1
19.74,11.52,1025.69,19.34,6.4,2
5.79,11.18,1021.16,33.09,0.0,0
9.24,35.58,1007.54,23.92,4.6,1
10.82,5.01,1017.94,24.71,0.0,1
18.55,26.21,1017.99,24.38,3.8,1
13.92,24.22,1004.84,28.44,0.0,1
5.59,35.45,997.31,19.24,3.1,0
0.38,20.14,992.77,12.3,4.6,1
11.78,33.08,1013.7,31.2,5.2,1
8.91,19.59,1015.98,13.21,5.8,2
1.85,28.08,1001.18,33.98,3.8,0
9.85,0.96,1023.46,38.91,0.0,1
7.79,0.0,1014.52,26.85,6.4,2
21.65,27.29,1026.49,37.1,6.4,2
31.23,28.04,1016.71,27.83,6.4,2
16.87,28.66,1002.34,39.19,5.8,2
7.39,14.65,1017.58,24.81,5.8,2
8.43,42.86,1019.7,11.45,0.0,1
3.44,15.56,1007.52,27.44,4.6,1
4.18,27.89,998.58,39.96,3.1,0
7.01,30.32,1014.0,31.74,0.0,0
6.35,46.06,1002.99,24.39,0.0,1
1.71,17.56,1024.21,30.3,0.0,0
21.82,12.86,1008.93,34.8,6.4,2
24.13,1.03,1030.25,27.4,6.4,2
21.3,43.73,991.76,46.38,5.2,2
24.74,27.9,1014.35,24.38,0.0,2
37.86,28.34,1027.29,35.02,5.2,2
3.51,65.63,1004.1,33.33,0.0,2
36.71,26.55,1011.41,23.1,5.2,2
5.56,3.77,1008.97,25.03,0.0,0
13.25,19.26,1006.16,35.13,0.0,1
1.21,8.35,1015.45,29.01,0.0,0
4.89,16.46,1000.05,30.37,6.4,2
17.24,16.36,1011.89,16.55,4.6,1
13.77,13.78,1018.16,32.59,6.4,2
5.46,2.49,1010.85,30.01,0.0,0
8.43,44.3,1003.0,27.55,5.2,1
4.38,26.18,1023.3,30.53,3.8,0
17.21,18.84,1020.3,25.14,3.8,1
22.91,32.61,1002.59,23.86,5.8,2
3.53,28.59,1000.06,26.31,0.0,0
7.69,25.86,1003.48,24.75,6.4,2
1.62,31.59,1018.45,43.26,0.0,0
9.6,23.88,1015.76,34.38,3.1,1
12.15,31.38,1020.9,21.22,0.0,1
10.28,32.54,1009.74,42.25,3.8,1
11.38,24.28,1003.75,24.97,4.6,1
6.97,18.91,1022.19,28.21,4.6,1
7.12,43.43,1007.47,34.28,5.8,2
6.82,15.31,1014.87,14.21,5.2,1
4.74,27.48,997.5,26.34,6.4,2
5.35,27.79,1007.3,23.99,3.8,0
11.71,13.47,1023.09,29.44,0.0,1
21.84,10.69,1005.84,30.59,0.0,2
2.88,17.05,1021.15,27.46,0.0,0
7.1,15.11,989.69,27.13,4.6,1
2.21,1.59,1007.41,35.46,0.0,0
4.82,12.88,1011.29,30.11,6.4,2
5.66,25.73,1030.43,28.29,6.4,2
9.03,39.72,1001.31,29.04,0.0,1
8.81,29.76,1019.71,40.85,5.8,2
7.63,0.0,1023.57,29.21,4.6,1
10.93,30.98,1005.79,24.4,3.8,1
3.2,14.19,1009.26,14.64,5.2,1
9.09,28.34,1014.42,17.96,4.6,1
14.08,21.8,998.19,24.73,0.0,1
3.16,19.3,1008.45,27.24,4.6,1
0.89,20.57,1025.76,24.11,0.0,0
17.1,21.69,1018.23,30.46,0.0,1
2.3,40.82,1011.43,24.02,6.4,2
4.59,21.72,1014.13,21.6,0.0,0
13.77,37.2,1018.81,32.29,4.6,1
2.98,35.16,1020.72,37.59,0.0,0
16.21,31.34,1007.44,20.25,3.8,1
3.94,0.0,1028.35,29.71,0.0,0
3.44,37.63,1026.16,14.66,4.6,1
3.97,15.59,1019.77,17.68,4.6,1
12.33,32.02,1004.57,23.88,4.6,1
4.59,8.38,1002.8,35.94,0.0,0
17.15,5.41,1009.73,22.55,4.6,1
7.91,49.67,1013.61,22.29,5.2,1
8.53,8.6,995.32,28.25,5.2,1
3.33,38.05,1017.95,28.26,4.6,1
19.12,23.66,1025.87,22.5,0.0,1
14.17,16.12,1018.76,41.9,3.8,1
13.86,21.37,1006.24,26.14,3.8,1
6.61,3.78,1005.06,28.8,6.4,2
1.9,21.81,1016.0,25.19,3.1,0
8.92,6.84,1011.47,31.08,0.0,1
11.92,16.46,1017.43,36.64,5.2,1
12.01,34.95,1019.02,39.65,4.6,1
10.74,25.56,1023.92,22.66,3.1,1
10.38,1.25,1001.68,35.71,0.0,1
3.92,33.92,1015.22,31.85,5.2,1
4.12,21.9,1009.37,34.82,5.2,1
2.25,14.41,1012.01,27.36,6.4,2
17.31,32.45,1021.64,26.69,3.8,1
30.21,19.66,1022.73,34.55,3.8,2
51.96,5.68,1026.98,34.68,0.0,2
9.46,47.87,1017.26,38.96,3.8,1
10.4,21.76,1011.9,29.39,0.0,1
6.86,20.86,1010.47,27.25,3.8,0
9.33,16.33,995.65,10.78,5.2,1
2.97,38.52,1026.4,16.72,5.8,2
6.73,14.65,1009.78,25.24,4.6,1
3.47,0.37,1018.06,20.29,5.8,2
5.96,12.5,1019.79,33.7,4.6,1
3.79,40.57,1000.55,18.83,5.8,2
11.92,33.65,1003.77,24.49,3.1,1
13.15,18.43,1028.47,24.77,4.6,1
10.14,41.23,1015.9,36.43,4.6,1
4.14,32.47,1007.19,23.74,4.6,1
2.07,18.27,1011.74,31.17,4.6,1
13.26,19.68,1023.86,29.37,5.8,2
7.87,26.61,1022.34,34.32,0.0,0
0.83,10.35,998.34,33.95,0.0,0
8.86,22.06,1029.34,27.77,3.8,1
10.47,26.32,1022.66,16.13,4.6,1
1.31,0.0,1011.48,26.38,3.8,0
12.09,19.35,1001.08,27.86,0.0,1
1.6,17.76,1023.54,30.0,5.8,2
3.69,36.39,1017.76,22.84,3.8,0
1.61,0.0,998.42,35.99,3.1,0
3.29,16.66,1010.68,28.1,5.8,2
2.09,15.26,1044.26,21.56,3.1,0
17.22,35.44,1013.17,24.79,0.0,1
6.29,21.39,1005.58,41.5,6.4,2
5.11,47.15,1002.92,32.65,3.1,1
18.48,31.27,1030.72,35.34,6.4,2
17.76,16.26,1021.48,20.71,3.8,1
5.51,25.36,1027.07,23.18,0.0,0
9.98,17.04,1015.48,23.23,3.1,1
4.47,34.03,1025.54,29.29,6.4,2
7.19,3.35,1004.52,26.78,6.4,2
2.57,10.47,1014.63,24.57,0.0,0
11.2,28.38,1015.87,25.45,6.4,2
19.03,39.16,1026.82,22.44,5.8,2
16.57,0.0,1016.19,26.74,4.6,1
8.19,41.24,1006.74,35.79,0.0,1
0.71,20.04,1013.64,17.41,4.6,1
4.26,0.0,996.24,30.43,3.1,0
7.18,0.0,989.79,37.66,0.0,0
1.77,0.59,1021.31,26.72,6.4,2
1.41,21.72,1009.25,24.3,4.6,1
23.03,21.08,1010.39,34.47,0.0,2
15.12,30.86,1021.31,21.11,3.1,1
11.91,14.31,1026.97,27.84,5.8,2
13.79,6.49,1018.34,20.72,3.1,1
2.17,16.22,1032.28,14.91,3.8,0
3.17,22.47,1018.03,26.94,0.0,0
9.48,25.23,1016.02,19.16,0.0,1
10.11,10.95,1015.4,27.92,6.4,2
1.64,34.62,1000.15,35.81,6.4,2
8.93,13.3,1022.56,40.98,0.0,1
7.3,9.82,988.55,28.65,3.8,0
16.17,14.41,1007.14,35.13,5.2,1
10.15,37.05,1013.23,30.79,5.8,2
24.99,20.14,1005.1,25.32,4.6,2
5.54,12.28,1008.48,14.53,5.8,2
2.35,34.97,1031.39,39.39,0.0,0
24.51,52.0,1024.04,20.66,0.0,2
10.59,24.94,1006.14,37.68,3.8,1
7.34,39.27,1008.3,31.76,0.0,0
3.3,36.51,1000.23,21.17,5.2,1
5.6,13.52,1020.05,30.18,3.1,0
5.33,22.37,1010.5,42.93,3.1,0
2.23,4.04,993.34,38.75,3.8,0
0.4,19.13,1014.01,24.41,6.4,2
5.21,13.23,1017.39,23.02,0.0,0
14.06,16.36,1022.63,28.7,3.8,1
20.25,11.5,1012.27,26.84,3.1,2
16.65,17.98,1009.27,36.4,0.0,1
17.4,29.45,1032.86,33.18,5.8,2
2.56,20.33,1013.07,16.15,6.4,2
9.63,0.0,1020.2,31.21,0.0,1
11.99,11.55,1007.6,26.75,5.2,1
12.61,0.73,1019.9,28.26,5.2,1
7.2,25.42,998.44,29.74,5.2,1
8.67,29.05,1008.38,36.39,3.8,1
16.28,25.59,1000.92,34.84,0.0,1
11.64,10.98,1006.95,22.75,0.0,1
13.41,25.46,1025.5,27.59,0.0,1
4.98,15.42,1006.88,24.86,0.0,0
12.87,6.06,1020.18,16.23,3.8,1
8.57,32.39,1028.17,27.23,0.0,1
15.05,33.45,1012.72,40.91,5.2,1
3.91,35.28,1022.94,16.02,4.6,1
14.12,13.48,1018.31,27.83,3.1,1
5.68,38.51,1014.16,27.61,0.0,0
14.17,15.09,1020.5,30.01,3.8,1
9.68,31.15,1031.4,21.26,5.8,2
8.04,14.85,1006.63,18.02,3.1,1
5.97,18.86,1003.41,18.35,5.8,2
7.37,0.0,1002.82,37.32,0.0,0
5.22,17.77,1022.94,21.12,0.0,0
5.85,23.28,1024.29,24.5,4.6,1
11.39,16.26,1007.63,42.73,5.8,2
1.06,46.59,991.64,22.86,5.8,2
14.02,5.73,1006.25,30.4,6.4,2
14.2,14.11,1018.48,35.45,0.0,1
6.14,9.33,1012.33,35.11,0.0,0
8.86,14.11,1014.8,18.68,4.6,1
2.94,36.44,1007.77,23.01,6.4,2
10.81,42.69,1023.14,30.12,6.4,2
3.35,12.19,1016.43,41.5,0.0,0
0.06,11.88,1018.86,22.67,3.1,0
19.68,5.8,1014.59,24.54,4.6,1
2.58,40.29,1018.24,30.94,6.4,2
7.23,37.69,1017.59,32.34,0.0,0
9.15,20.52,1003.72,32.76,6.4,2
11.37,2.45,1016.73,22.08,5.8,2
7.8,3.71,1020.92,24.28,0.0,0
9.84,24.39,1024.55,29.51,5.8,2
6.0,29.69,1017.16,36.84,4.6,1
1.35,0.0,1003.35,26.33,6.4,2
7.54,17.5,1004.89,27.84,0.0,0
12.65,44.66,1008.65,20.82,6.4,2
2.77,18.95,1014.89,41.04,0.0,0
9.23,42.85,1011.78,29.08,0.0,1
28.65,31.09,1001.76,35.54,3.8,2
7.11,6.82,1001.7,28.21,4.6,1
7.44,17.9,992.01,28.6,0.0,0
1.2,20.2,981.81,17.5,0.0,0
2.41,8.66,1011.68,12.94,3.1,0
3.39,8.42,1036.2,36.76,0.0,0
12.26,43.09,1030.97,28.55,0.0,1
2.98,8.32,1003.22,29.44,0.0,0
10.63,37.1,1014.5,19.26,6.4,2
3.73,15.89,998.35,21.68,6.4,2
1.27,21.64,999.88,35.44,4.6,1
13.47,29.87,1001.03,40.18,5.2,1
5.38,13.62,1010.75,23.65,0.0,0
11.44,29.95,1011.18,32.7,0.0,1
1.21,0.0,1015.53,29.33,3.1,0
0.33,28.16,1019.63,27.16,6.4,2
8.51,0.0,1009.63,40.96,3.8,1
2.31,18.82,1013.36,24.83,5.8,2
8.4,33.96,1002.06,36.68,3.1,1
8.56,30.71,999.56,30.67,0.0,1
7.65,3.82,998.01,27.88,5.8,2
17.29,5.62,1019.49,37.6,3.8,1
10.47,12.36,1009.62,30.03,5.2,1
28.63,24.61,994.29,27.33,5.2,2
5.52,0.0,1012.37,37.66,5.2,1
1.82,21.81,1000.51,36.74,5.2,1
4.0,26.36,1029.6,36.41,5.8,2
5.84,18.04,1007.21,0.79,3.8,0
30.38,29.35,1019.82,31.08,0.0,2
8.04,25.13,1023.89,29.48,3.8,1
17.78,14.42,1003.45,27.76,0.0,1
5.1,0.0,1013.76,32.27,0.0,0
4.51,23.87,1018.53,29.82,3.1,0
1.14,8.66,1014.16,32.74,3.8,0
29.68,13.9,1016.61,26.12,3.8,2
22.36,28.71,999.7,38.49,3.1,2
9.31,41.84,1018.54,33.45,5.2,1
6.16,21.47,1008.14,31.8,0.0,0
8.31,29.76,1016.49,31.46,4.6,1
1.73,1.78,1022.2,36.1,0.0,0
11.43,25.44,1019.69,35.15,6.4,2
21.01,21.16,1016.49,27.21,4.6,2
21.8,39.21,1019.42,34.93,4.6,2
1.21,14.43,1019.88,29.22,3.1,0
17.66,18.62,1027.96,41.42,5.2,1
1.74,36.82,1012.66,35.68,3.1,0
0.38,20.71,1014.64,23.62,5.8,2
18.17,6.48,1022.32,44.31,0.0,1
4.7,57.72,1008.1,13.29,5.8,2
16.27,6.9,999.65,32.46,6.4,2
15.17,21.09,1017.93,23.13,0.0,1
13.7,26.85,1010.94,41.18,0.0,1
8.22,25.75,1000.92,29.77,6.4,2
2.0,19.34,1018.01,22.44,3.1,0
5.85,19.41,1027.31,26.13,5.2,1
22.07,18.71,996.7,23.0,0.0,2
16.59,6.38,1023.22,25.86,3.1,1
6.14,52.1,987.63,25.7,5.2,1
6.07,18.92,1009.0,22.74,6.4,2
12.75,30.36,1031.41,29.89,3.1,1
8.74,17.31,1009.72,30.74,0.0,1
6.44,17.03,1013.9,21.03,3.1,0
11.91,15.62,1020.63,16.39,4.6,1
11.6,0.3,995.84,30.18,5.8,2
4.11,19.75,1013.72,31.72,5.8,2
10.27,16.3,1013.64,33.11,5.2,1
11.03,38.4,1031.62,31.86,0.0,1
7.69,5.25,1000.64,39.01,3.8,0
3.67,13.92,1009.18,34.98,4.6,1
5.68,9.42,1003.72,46.76,3.8,0
2.92,42.2,1002.66,49.7,6.4,2
10.51,9.83,1024.27,15.69,6.4,2
1.22,29.87,1013.27,12.62,0.0,0
23.77,35.58,1007.44,27.95,6.4,2
20.28,19.95,1007.82,31.53,5.8,2
11.25,2.72,1007.37,27.47,5.2,1
15.85,2.9,1008.26,32.93,3.1,1
15.05,34.04,1000.36,26.11,5.2,1
8.86,4.35,1010.41,23.14,4.6,1
6.61,27.49,1009.41,24.2,6.4,2
5.94,23.6,1005.42,26.6,5.2,1
24.41,27.28,1014.55,33.9,6.4,2
3.53,28.6,1015.4,24.59,3.1,0
3.61,8.93,1007.43,25.98,0.0,0
16.94,8.34,1011.56,31.99,3.8,1
15.73,32.01,1034.59,26.61,6.4,2
6.26,13.19,1034.2,35.82,4.6,1
12.24,0.0,1002.46,21.56,5.2,1
13.55,31.08,1003.86,20.05,4.6,1
1.88,7.49,1002.41,30.13,4.6,1
21.26,28.54,1023.57,30.83,0.0,2
13.55,41.5,1009.01,21.95,3.1,1
11.42,22.23,1015.4,37.41,0.0,1
13.63,35.94,1032.97,41.47,3.1,1
10.33,24.15,1012.9,23.61,5.2,1
7.3,44.22,1020.06,38.41,5.8,2
8.93,7.13,1018.2,11.33,0.0,1
1.67,21.88,1007.12,35.53,4.6,1
31.63,31.42,1023.59,22.0,0.0,2
7.19,19.33,1004.5,34.83,0.0,0
31.24,38.13,1026.4,21.27,6.4,2
9.06,15.95,1007.13,27.52,4.6,1
4.47,50.97,1008.22,22.33,0.0,1
20.81,51.71,1002.12,26.5,0.0,2
11.05,25.95,1003.76,40.81,0.0,1
39.92,29.74,1008.73,27.24,3.8,2
4.36,38.68,988.69,42.77,0.0,0
21.46,5.38,1010.67,25.3,4.6,2
22.31,3.63,1007.92,38.44,3.1,2
14.45,39.59,1020.9,16.62,4.6,1
22.45,25.84,1017.23,25.99,0.0,2
7.34,18.83,1005.92,24.25,0.0,0
3.51,22.16,1008.41,38.76,0.0,0
4.88,0.0,1010.65,29.3,0.0,0
8.53,19.33,1027.86,13.38,0.0,1
15.03,11.46,1004.78,18.83,0.0,1
3.78,34.85,1005.8,20.91,5.8,2
5.94,35.93,1001.71,34.54,4.6,1
4.1,30.07,998.18,33.64,0.0,0
17.15,27.54,1016.07,25.9,6.4,2
31.07,1.04,1015.03,24.16,5.2,2
2.9,30.27,1025.83,33.01,5.8,2
12.71,30.81,1023.41,20.09,6.4,2
18.81,39.43,1036.97,31.2,5.2,1
6.77,51.65,1012.26,30.61,6.4,2
1.79,0.0,1010.39,26.08,0.0,0
20.67,16.56,1000.0,30.78,5.8,2
1.65,11.61,1019.97,28.71,0.0,0
25.3,24.42,1014.19,31.48,0.0,2
4.01,22.19,1019.51,18.66,6.4,2
1.35,18.72,1001.61,32.3,0.0,0
5.24,36.39,1016.52,35.19,3.8,0
7.95,6.58,1015.05,30.25,3.1,0
9.47,7.42,1014.39,32.21,0.0,1
13.56,7.66,1006.17,27.23,0.0,1
10.2,16.96,1024.89,34.24,3.8,1
29.26,4.8,1033.5,28.46,4.6,2
7.63,21.32,1001.9,19.96,5.2,1
10.65,19.68,1020.2,33.74,0.0,1
9.93,10.99,984.22,16.56,0.0,1
1.14,34.23,1019.69,29.98,0.0,0
2.33,21.17,994.3,25.31,0.0,0
8.56,36.88,1007.75,24.86,3.1,1
11.74,19.27,999.87,29.2,4.6,1
0.59,21.66,1010.84,23.03,3.1,0
30.23,14.12,1021.39,31.59,0.0,2
12.52,21.9,994.43,28.4,0.0,1
8.15,31.97,1009.41,23.68,3.1,1
12.06,16.24,1007.87,37.37,3.1,1
4.96,29.26,1028.81,29.43,5.8,2
9.56,10.62,1017.32,32.42,4.6,1
10.87,32.63,1001.23,37.92,6.4,2
20.85,13.88,1008.29,37.8,0.0,2
7.04,33.92,1028.56,32.06,3.1,0
1.71,22.85,1020.14,25.88,0.0,0
3.42,43.29,1003.82,17.99,0.0,1
6.54,5.84,1010.33,29.45,6.4,2
1.96,1.33,1010.65,35.66,3.8,0
3.03,13.37,1007.62,30.48,4.6,1
3.45,2.62,995.9,3.89,0.0,0
6.14,2.64,1006.22,34.09,0.0,0
12.39,30.7,1026.89,34.52,6.4,2
5.87,21.94,1009.19,25.89,4.6,1
13.06,15.28,1011.97,34.92,5.2,1
8.16,16.58,1014.41,32.4,3.8,1
3.14,13.64,1035.18,23.2,3.1,0
11.02,45.11,1013.09,36.9,3.1,1
9.66,11.7,1023.94,19.13,5.2,1
13.34,3.49,1007.02,27.6,0.0,1
15.56,33.14,1010.41,26.9,3.1,1
21.34,18.98,1013.13,22.22,0.0,2
12.72,50.54,1005.26,30.13,3.8,1
9.39,14.63,1010.96,37.17,6.4,2
13.39,33.84,1021.88,36.73,6.4,2
5.34,37.15,1005.0,33.07,3.8,0
4.97,14.7,1013.0,16.13,0.0,0
23.53,11.6,1020.09,18.65,6.4,2
4.83,32.38,1004.76,29.16,0.0,0
3.55,30.05,1023.95,27.76,3.1,0
12.71,2.25,1013.73,24.51,5.8,2
5.38,6.2,1011.35,41.34,0.0,0
15.44,0.0,992.92,28.74,3.8,1
20.18,30.34,1009.26,31.8,6.4,2
4.08,18.33,1016.72,34.92,0.0,0
13.95,19.73,1030.45,28.38,4.6,1
4.72,0.0,1018.68,46.14,0.0,0
6.66,6.63,1024.26,21.42,6.4,2
10.61,15.31,1000.91,23.76,3.1,1
4.98,12.59,1011.73,21.4,5.2,1
9.84,23.65,1025.21,38.94,3.8,1
7.17,30.17,1004.12,33.61,3.1,0
15.71,53.77,1022.65,24.19,3.1,1
15.74,21.72,1020.33,21.95,0.0,1
5.0,37.62,1015.75,37.69,0.0,0
10.81,10.38,1009.71,30.53,3.1,1
17.6,0.0,1003.14,37.87,3.1,1
2.98,17.07,1030.75,27.58,0.0,0
7.13,0.0,1019.32,31.58,4.6,1
10.42,22.21,1016.41,30.1,5.8,2
2.84,11.07,1008.87,23.63,6.4,2
5.59,0.0,1013.38,26.99,6.4,2
27.09,46.3,1014.65,19.71,4.6,2
4.81,14.47,1017.0,31.46,3.1,0
5.34,0.0,1020.34,33.33,4.6,1
12.6,34.57,1005.18,34.93,0.0,1
2.47,11.8,998.33,32.67,5.8,2
7.27,37.26,1013.84,27.1,3.8,0
3.58,11.73,995.53,38.86,0.0,0
9.82,14.43,1009.76,34.25,3.1,1
0.08,26.83,1007.91,37.72,0.0,0
8.73,30.31,1017.92,38.16,3.1,1
10.66,32.76,1032.83,27.12,0.0,1
5.72,20.74,993.55,30.72,0.0,0
6.06,29.4,1035.74,33.42,3.1,0
5.08,32.44,1010.67,19.96,0.0,0
7.18,24.81,1016.48,20.11,6.4,2
23.76,20.0,998.85,18.9,0.0,2
16.09,1.77,1022.97,27.24,0.0,1
7.18,30.39,1013.41,25.67,6.4,2
5.59,22.59,1012.39,17.95,5.8,2
14.95,16.21,993.63,29.05,0.0,1
9.3,39.89,1013.74,27.33,0.0,1
2.76,2.01,1021.46,36.28,0.0,0
6.46,45.02,1010.64,42.09,3.8,1
21.94,21.69,1024.74,31.2,4.6,2
12.21,26.45,1024.33,23.12,3.1,1
5.64,16.47,1006.59,32.53,0.0,0
1.56,0.0,1028.95,28.07,0.0,0
9.78,20.05,1013.45,26.32,4.6,1
8.2,26.69,1013.5,21.97,3.1,1
6.98,31.47,1013.99,24.75,0.0,0
15.08,19.23,1013.69,26.76,4.6,1
12.33,0.0,986.7,33.63,4.6,1
1.63,0.42,1011.14,31.58,3.8,0
8.23,50.73,999.36,40.78,6.4,2
2.18,6.7,1029.26,32.72,5.8,2
5.16,41.98,1028.86,30.97,0.0,1
1.99,8.92,1021.52,25.86,6.4,2
2.08,19.45,1010.62,20.74,0.0,0
10.78,30.75,1002.92,24.01,3.8,1
9.93,10.52,1006.42,23.1,6.4,2
7.72,44.29,1032.43,10.07,6.4,2
4.75,23.06,1006.08,20.94,0.0,0
1.82,28.45,989.44,39.22,0.0,0
5.19,18.25,1023.3,30.58,0.0,0
9.97,31.22,1028.01,25.36,0.0,1
9.78,44.1,1029.59,30.79,0.0,1
21.61,20.16,1023.38,14.33,3.1,2
19.37,46.22,1025.02,29.97,0.0,1
7.99,13.44,1013.53,36.94,4.6,1
5.14,32.7,992.24,27.15,5.8,2
3.68,28.85,1013.28,15.6,3.8,0
1.49,7.04,1019.22,25.1,0.0,0
2.47,24.99,1011.65,36.95,4.6,1
9.98,22.1,1011.19,29.81,4.6,1
13.01,10.06,1003.36,18.07,6.4,2
6.14,27.01,1002.98,44.57,6.4,2
38.98,24.05,1031.38,19.22,0.0,2
2.49,20.98,1031.74,26.3,6.4,2
1.31,21.04,1012.97,20.74,5.8,2
38.5,20.74,1015.82,20.75,0.0,2
1.72,16.85,1003.19,24.83,4.6,1
6.07,23.96,1019.43,32.45,0.0,0
4.0,12.99,1030.6,37.03,3.8,0
10.59,59.2,997.71,25.3,0.0,1
5.66,2.27,1017.64,20.93,0.0,0
13.04,13.81,1018.39,31.35,4.6,1
15.32,14.92,1018.28,31.56,0.0,1
1.47,50.57,1029.43,29.68,0.0,1
3.55,3.52,1033.36,29.93,3.1,0
13.93,27.96,1010.67,27.21,3.8,1
17.7,25.48,1019.73,28.69,5.2,1
9.1,26.67,1013.84,26.73,0.0,1
11.23,39.31,1006.68,35.49,3.8,1
22.62,39.02,1015.71,43.6,0.0,2
5.72,15.69,1019.71,29.26,0.0,0
9.01,24.72,1015.17,27.95,0.0,1
19.39,0.0,1004.19,29.79,5.2,1
20.3,23.39,1008.36,23.39,6.4,2
7.23,10.88,1008.44,33.35,4.6,1
3.67,19.39,1004.58,31.09,3.1,0
7.16,0.0,1016.14,25.06,6.4,2
7.78,27.67,1017.18,34.31,3.8,0
3.54,0.0,1022.8,28.13,3.8,0
4.09,24.08,1004.42,21.21,4.6,1
20.32,4.83,1007.23,30.46,4.6,2
11.65,10.11,1028.55,29.66,3.8,1
6.09,38.17,1011.36,34.72,3.8,0
2.67,30.23,1013.3,33.82,0.0,0
4.14,38.09,1011.25,27.24,5.2,1
1.18,43.84,1024.33,24.7,5.2,1
9.3,11.18,1024.72,28.01,3.1,1
3.92,42.99,1024.13,30.54,5.2,1
9.91,1.48,1013.27,31.39,0.0,1
13.82,32.45,1004.28,30.11,3.1,1
10.03,15.09,1032.25,27.36,6.4,2
5.43,8.98,1021.56,34.98,5.2,1
3.35,30.6,1008.43,23.28,5.2,1
2.26,35.23,1027.24,45.36,5.8,2
18.88,34.81,1007.64,33.34,4.6,1
9.68,25.01,1027.11,20.11,4.6,1
5.72,23.85,1027.78,29.3,3.8,0
12.43,29.38,1003.79,33.41,5.8,2
16.68,26.25,1018.82,25.55,5.2,1
4.0,29.58,1020.82,17.53,3.8,0
9.44,24.86,1039.15,20.73,0.0,1
9.6,33.8,1005.58,31.79,5.8,2
21.92,0.0,1027.33,15.72,0.0,2
5.65,20.16,1013.17,17.85,3.1,0
3.23,2.63,1000.59,31.76,0.0,0
10.31,25.87,1011.8,26.44,0.0,1
13.25,44.99,1013.02,23.13,0.0,1
8.81,15.36,1002.41,24.54,0.0,1
23.02,23.78,1016.12,17.7,0.0,2
5.63,32.59,1022.58,31.39,0.0,0
9.0,0.0,1015.38,22.35,5.2,1
1.63,14.69,1007.58,24.25,5.8,2
3.04,27.1,1011.52,30.43,0.0,0
4.03,0.0,1012.95,26.2,3.1,0
6.52,8.32,1015.17,23.07,5.8,2
1.97,37.41,1024.1,14.07,5.2,1
12.3,36.04,1015.72,30.57,6.4,2
3.68,27.24,998.97,28.55,3.1,0
34.22,34.35,1007.38,24.38,0.0,2
3.81,25.01,1014.66,20.74,0.0,0
8.24,29.78,1024.24,28.09,5.2,1
7.39,17.58,1025.98,31.36,0.0,0
2.78,23.62,1030.75,28.68,3.8,0
6.54,13.15,1014.31,39.47,3.1,0
6.47,39.69,1020.63,32.93,6.4,2
15.33,43.3,998.46,27.25,6.4,2
10.63,41.32,1017.3,33.17,3.8,1
12.15,16.29,1002.25,28.34,4.6,1
15.07,8.65,1012.37,28.32,3.1,1
12.31,39.88,1043.3,37.07,5.2,1
9.38,29.61,1016.04,21.71,0.0,1
3.99,26.6,1004.36,28.16,5.2,1
8.89,13.13,1017.08,36.33,6.4,2
3.28,27.96,1007.83,30.16,0.0,0
6.98,6.81,1003.39,25.42,0.0,0
6.21,30.88,1034.03,16.06,3.1,0
6.57,41.3,1023.67,12.11,5.8,2
1.99,44.83,1016.46,42.53,4.6,1
0.09,31.92,1009.08,30.16,0.0,0
5.23,2.65,1009.89,23.91,3.1,0
17.8,24.76,1028.42,30.45,4.6,1
8.14,51.96,1016.07,21.37,6.4,2
16.85,9.84,982.17,25.68,3.8,1
3.31,21.17,1037.21,21.41,0.0,0
4.99,41.79,1014.83,18.11,0.0,1
35.67,30.64,1016.43,13.27,0.0,2
3.51,56.72,1023.87,16.82,0.0,1
11.97,11.74,1017.65,35.15,3.1,1
11.96,8.14,1020.47,21.09,0.0,1
10.94,39.14,1008.76,31.74,0.0,1
12.09,5.26,1000.7,34.7,5.2,1
3.46,19.25,1015.8,28.12,3.8,0
5.46,21.08,1027.32,25.91,5.2,1
22.46,36.5,1006.52,28.93,3.8,2
12.03,30.6,1005.72,25.08,0.0,1
4.03,28.4,1025.21,36.43,6.4,2
3.34,16.37,1008.43,41.14,3.8,0
18.03,39.01,1008.89,38.15,5.8,2
3.76,78.36,1009.27,12.94,0.0,2
4.02,31.68,1012.35,24.94,5.8,2
2.65,23.4,997.26,28.03,5.2,1
13.84,3.83,1007.61,31.24,0.0,1
16.66,13.08,1015.3,15.91,5.8,2
6.25,19.01,1015.23,15.8,5.2,1
16.75,14.52,1024.58,37.15,6.4,2
10.22,21.77,1031.39,24.09,0.0,1
2.48,46.89,1028.12,17.59,5.8,2
21.29,39.46,1022.15,20.27,5.2,2
2.62,19.78,1011.51,30.73,3.1,0
6.66,5.08,1006.77,22.24,3.1,0
6.26,40.72,1013.18,29.69,0.0,1
5.31,21.31,1018.86,21.15,3.8,0
0.71,0.0,1021.22,15.79,6.4,2
30.59,31.97,1019.23,37.97,5.8,2
0.88,36.36,1011.79,30.79,0.0,0
22.26,0.0,1020.87,25.66,0.0,2
3.23,10.46,1025.61,24.35,0.0,0
4.41,20.45,1021.8,38.25,4.6,1
20.69,32.28,1012.68,32.14,0.0,2
11.11,14.78,1004.66,36.03,5.2,1
1.7,10.35,1004.42,23.91,5.2,1
1.65,32.18,1006.19,28.35,0.0,0
9.84,15.44,1015.57,30.82,5.2,1
2.57,29.59,1018.2,24.15,5.2,1
11.53,6.44,998.85,27.33,6.4,2
12.48,3.07,1007.96,23.91,5.2,1
3.59,32.57,1015.43,30.79,3.1,0
4.65,25.54,1004.0,18.75,6.4,2
10.11,34.91,1017.34,32.0,0.0,1
3.43,14.54,1009.93,30.17,5.8,2
8.15,10.87,1005.77,26.58,3.1,1
37.19,41.05,1013.53,31.15,6.4,2
10.5,0.68,1016.92,25.45,5.8,2
5.38,39.52,1004.51,23.31,4.6,1
32.82,40.49,1010.57,31.81,0.0,2
14.61,34.04,1017.68,32.11,0.0,1
2.64,12.37,1005.38,24.45,6.4,2
3.21,10.57,996.42,23.85,5.8,2
1.03,19.06,997.63,26.72,3.8,0
9.96,3.87,1008.82,24.14,5.8,2
0.53,8.54,999.82,38.68,5.8,2
32.79,31.03,1009.52,30.22,3.1,2
5.99,31.09,1029.65,28.1,5.8,2
15.31,7.31,999.21,21.47,5.8,2
5.51,31.47,1010.17,33.17,3.8,0
9.82,28.36,1034.32,23.72,0.0,1
6.74,43.14,1017.08,23.43,5.2,1
7.95,29.97,1009.32,33.41,3.1,0
19.04,36.82,1011.43,30.71,3.1,1
26.12,28.68,1017.29,10.48,5.2,2
24.67,35.72,1029.96,26.9,5.8,2
58.0,3.98,1007.69,28.88,0.0,2
3.83,20.3,1005.42,25.62,5.8,2
10.61,21.45,999.21,29.12,0.0,1
3.92,18.59,1014.03,15.33,4.6,1
18.46,28.21,998.94,8.18,5.8,2
2.78,30.88,1008.36,21.17,0.0,0
19.29,27.49,1003.91,29.98,0.0,1
9.07,19.52,1023.74,5.43,6.4,2
7.08,11.7,1007.92,22.1,3.1,0
7.81,37.36,1016.97,14.54,6.4,2
2.26,26.9,996.96,26.3,3.1,0
2.49,7.74,1014.32,41.71,4.6,1
9.2,19.29,1000.97,26.48,3.8,1
9.15,0.0,1008.74,27.25,6.4,2
4.1,22.5,1035.11,33.87,3.8,0
5.93,19.22,1022.32,28.15,3.8,0
11.35,13.96,1011.72,26.5,3.8,1
3.41,44.18,1044.99,34.49,3.1,1
0.87,5.81,1003.85,31.3,3.1,0
23.05,31.89,1024.65,30.02,3.8,2
9.75,52.61,997.67,27.03,5.2,1
4.86,37.08,1010.56,25.58,0.0,0
3.91,21.56,999.52,34.42,3.8,0
3.38,6.12,1015.57,25.64,3.8,0
18.41,2.93,1013.56,36.62,5.2,1
1.84,16.24,1009.92,20.67,4.6,1
10.59,12.38,1023.92,38.04,3.1,1
10.58,11.93,1007.33,31.3,0.0,1
14.04,17.43,1016.27,21.22,3.1,1
5.32,20.57,1021.21,31.56,0.0,0
21.63,28.79,998.17,23.45,0.0,2
14.36,4.67,1005.52,28.23,5.2,1
5.15,12.45,1013.54,24.59,3.8,0
3.73,19.76,1019.3,27.07,5.8,2
6.75,19.26,1027.21,34.59,0.0,0
4.99,47.71,1010.84,31.63,6.4,2
3.12,25.25,1009.84,20.12,3.8,0
8.12,0.0,1004.27,20.52,0.0,1
5.97,27.85,1016.3,29.9,3.1,0
25.49,29.64,1010.03,30.4,5.8,2
4.98,20.25,1010.26,23.28,5.2,1
3.69,5.01,1012.06,39.14,0.0,0
7.67,46.61,1018.52,33.69,6.4,2
9.49,7.02,1007.36,23.62,0.0,1
10.1,31.25,1005.28,22.94,0.0,1
10.02,24.8,1017.32,26.41,5.2,1
7.9,30.41,982.74,25.68,3.8,0
7.41,45.9,1006.96,36.79,3.8,1
12.54,29.86,1001.49,34.89,6.4,2
2.83,14.18,1025.03,28.25,5.8,2
3.72,37.48,1008.59,32.75,6.4,2
1.31,13.16,1007.39,33.76,0.0,0
2.88,24.29,1012.51,28.41,5.8,2
17.07,3.9,1007.05,30.82,0.0,1
12.12,7.53,1008.97,32.16,5.8,2
27.98,22.72,1013.97,31.41,3.8,2
23.3,27.15,1008.78,22.55,4.6,2
12.2,0.0,1008.71,23.26,0.0,1
8.67,28.96,1002.9,25.98,5.8,2
7.8,10.53,1001.46,23.05,0.0,0
0.47,39.92,1013.61,17.69,4.6,1
7.07,17.07,1016.07,32.73,0.0,0
4.41,6.27,998.72,30.42,6.4,2
3.02,23.06,1020.6,18.62,0.0,0
10.69,9.17,1020.64,26.31,5.2,1
6.33,39.77,1022.75,26.71,5.2,1
8.22,22.01,1016.0,29.27,3.8,1
2.56,19.88,1019.37,20.43,0.0,0
14.84,30.29,1034.85,18.52,0.0,1
4.96,7.93,1009.98,31.64,4.6,1
10.24,3.95,1002.54,17.26,3.8,1
5.37,27.72,997.66,26.37,4.6,1
0.33,6.6,1030.56,25.72,0.0,0
11.05,6.6,1030.69,27.14,3.8,1
6.71,33.71,1003.75,29.77,0.0,0
1.19,29.35,1005.73,39.19,3.8,0
2.22,4.45,1009.76,16.8,0.0,0
15.18,13.33,1025.24,34.14,4.6,1
1.28,9.35,1000.13,10.41,4.6,1
4.84,46.87,993.33,37.76,5.8,2
29.75,34.68,1034.68,13.7,3.8,2
11.28,16.11,1016.12,45.05,0.0,1
13.6,30.07,1017.54,25.27,0.0,1
5.84,3.01,1010.95,37.03,5.8,2
1.05,12.58,1017.66,35.59,6.4,2
8.9,23.47,997.86,24.94,0.0,1
2.41,28.33,1004.59,25.48,5.2,1
2.14,20.64,1014.05,22.14,3.8,0
8.05,25.47,990.29,33.51,0.0,1
2.6,23.1,1009.97,25.04,3.8,0
7.28,19.71,1009.36,22.27,6.4,2
3.85,17.85,1009.97,31.76,0.0,0
7.06,16.03,1007.49,21.72,5.8,2
4.54,25.25,1003.04,25.7,0.0,0
7.23,27.75,994.78,28.75,5.2,1
21.9,24.78,1014.45,23.5,0.0,2
13.84,5.5,1010.0,24.56,0.0,1
6.54,8.02,999.25,38.74,0.0,0
19.37,27.58,1013.63,26.57,5.8,2
10.36,42.6,1010.05,25.48,4.6,1
18.39,24.13,1008.39,26.77,5.2,1
1.47,16.24,991.43,31.18,0.0,0
2.64,25.14,1019.83,20.76,6.4,2
8.81,6.08,1000.67,30.99,5.8,2
6.4,40.33,1013.63,29.79,3.8,1
7.25,24.61,1004.92,15.48,6.4,2
11.76,12.63,1009.11,40.56,0.0,1
8.89,19.66,1024.52,38.23,0.0,1
14.88,14.62,1018.32,22.4,0.0,1
14.57,40.36,1024.3,20.14,0.0,1
2.78,19.17,1016.3,29.6,5.8,2
0.36,24.18,1016.96,18.02,3.1,0
2.58,30.03,995.19,37.55,4.6,1
2.4,11.63,1009.82,24.72,5.8,2
7.73,24.71,1010.75,39.35,5.2,1
7.65,25.84,1025.24,22.23,3.1,0
6.05,0.24,1007.94,27.21,3.1,0
10.69,25.54,1015.65,36.87,0.0,1
39.44,21.36,1015.26,25.74,5.8,2
5.93,23.82,1024.58,29.9,6.4,2
9.12,22.5,1011.66,35.65,3.8,1
7.25,25.63,1021.28,24.11,3.8,0
4.15,40.72,995.95,19.17,5.8,2
11.85,5.49,996.86,17.79,3.1,1
5.67,17.21,990.17,32.08,3.1,0
3.31,31.33,1020.86,30.72,6.4,2
3.58,28.73,1019.74,35.43,3.1,0
15.3,28.43,1021.97,26.08,6.4,2
11.61,60.55,1006.23,17.98,0.0,2
4.62,30.6,1007.36,11.53,3.8,0
10.54,37.83,1011.79,48.08,3.8,1
7.32,17.7,1027.44,31.69,0.0,0
9.26,8.1,1029.94,28.96,6.4,2
4.04,17.6,1020.94,29.95,3.8,0
2.48,31.97,1016.31,17.98,5.8,2
5.64,27.7,1026.35,22.44,0.0,0
2.99,27.65,1010.44,40.2,3.1,0
2.75,19.0,1009.09,32.61,3.8,0
1.59,16.77,1011.71,22.65,4.6,1
0.36,19.48,1003.21,19.41,0.0,0
4.7,32.14,1011.25,24.39,0.0,0
17.54,33.77,1001.83,25.79,4.6,1
14.35,7.91,1023.25,42.34,0.0,1
24.36,32.67,1018.44,26.68,5.2,2
2.62,12.89,1027.3,19.67,3.8,0
12.47,28.56,996.71,27.59,6.4,2
6.51,19.31,1032.02,29.85,0.0,0
3.58,43.92,997.28,19.04,5.8,2
16.04,16.15,1001.02,30.82,3.8,1
6.57,24.5,1006.79,36.46,0.0,0
0.87,30.49,1026.08,28.97,5.2,1
14.23,9.76,1015.26,22.42,0.0,1
9.96,20.98,1010.56,24.3,0.0,1
8.12,18.27,1005.07,16.39,3.8,1
2.07,14.81,999.24,27.06,5.8,2
8.95,15.84,1024.33,30.18,0.0,1
21.94,37.57,1020.99,21.72,4.6,2
9.73,13.62,1026.52,41.58,0.0,1
1.31,29.93,1016.97,33.55,0.0,0
10.35,26.4,986.58,15.45,5.2,1
9.82,2.44,1000.55,15.59,0.0,1
13.28,29.27,1017.65,21.11,3.1,1
9.59,2.21,1009.3,39.01,3.8,1
2.76,30.79,1007.41,34.24,0.0,0
7.74,14.9,1001.97,39.37,6.4,2
5.73,22.12,1022.48,28.07,3.8,0
8.56,3.88,1017.56,26.53,3.1,1
16.49,23.71,1018.01,19.27,6.4,2
3.83,34.98,1006.66,30.45,4.6,1
27.09,10.7,1014.76,26.63,5.2,2
10.3,13.5,999.62,26.36,0.0,1
14.3,28.36,1011.7,39.33,0.0,1
12.83,28.71,987.72,27.12,0.0,1
9.96,0.0,997.32,37.32,3.8,1
11.51,50.22,1009.78,16.88,5.8,2
12.81,29.4,1036.75,46.82,6.4,2
3.0,31.76,994.99,25.39,4.6,1
6.93,19.99,1000.56,32.95,0.0,0
9.9,0.0,1015.17,34.06,4.6,1
17.06,31.45,1030.69,24.52,4.6,1
3.01,14.09,1015.02,33.73,4.6,1
4.81,29.62,1020.02,34.1,5.2,1
5.46,18.94,1009.62,23.01,4.6,1
8.65,25.33,1007.89,23.09,5.2,1
5.78,11.15,1013.82,28.32,3.8,0
11.55,34.1,1006.42,27.19,0.0,1
0.92,5.36,1020.24,37.75,0.0,0
6.45,53.44,996.94,32.92,6.4,2
23.55,53.33,1021.9,27.51,3.1,2
5.79,44.86,1013.39,32.24,0.0,1
10.33,39.86,1010.85,13.67,0.0,1
15.1,20.82,996.57,23.69,0.0,1
10.06,38.33,1003.2,30.01,6.4,2
28.85,20.65,1024.99,35.81,0.0,2
7.9,0.25,1010.91,29.4,0.0,0
12.02,43.04,1015.78,38.21,3.8,1
8.95,37.8,1004.2,34.08,3.1,1
20.15,21.56,1012.71,24.58,0.0,2
5.04,4.85,999.28,27.02,0.0,0
30.53,13.79,1014.0,30.86,5.8,2
3.93,0.0,1016.71,24.86,0.0,0
25.21,35.23,1016.21,38.72,5.8,2
2.64,0.0,1003.96,20.24,3.1,0
12.33,26.02,1009.58,30.21,0.0,1
7.32,10.19,1018.37,33.15,0.0,0
14.87,2.03,1010.89,25.81,5.8,2
10.54,25.34,1010.13,24.23,3.1,1
14.25,17.33,1032.03,27.47,6.4,2
2.54,33.73,1003.49,33.68,5.8,2
1.17,4.25,1023.8,24.5,0.0,0
2.1,11.4,1001.45,20.52,0.0,0
2.04,0.0,1019.55,36.05,5.2,1
2.51,0.0,1020.08,30.8,0.0,0
4.2,47.17,1007.9,35.06,6.4,2
4.16,51.17,1000.83,33.32,0.0,1
7.47,23.3,993.3,43.26,5.8,2
3.24,10.47,1006.85,35.8,5.8,2
3.52,17.82,1018.26,22.93,3.8,0
6.11,34.23,1002.22,31.29,5.8,2
16.46,14.8,1013.97,24.1,5.8,2
4.96,25.33,998.24,24.82,5.2,1
7.05,21.82,1010.66,18.11,5.2,1
8.09,14.04,1001.53,26.0,3.1,1
2.84,14.63,1012.22,31.82,0.0,0
5.43,26.11,1007.99,27.54,5.8,2
3.81,8.32,1001.1,20.3,0.0,0
15.29,28.32,1006.41,17.34,3.1,1
14.33,15.4,1003.66,42.78,3.8,1
3.43,23.78,999.86,30.28,3.1,0
6.93,41.38,1023.83,22.23,3.1,1
12.03,19.65,1009.4,31.23,4.6,1
9.62,34.88,990.98,43.32,0.0,1
10.48,0.0,1006.77,32.34,6.4,2
2.86,15.41,1022.15,8.49,0.0,0
24.54,22.39,1005.39,46.57,3.1,2
4.12,48.93,1027.98,15.06,5.8,2
4.01,0.0,1004.43,26.56,3.8,0
1.81,20.65,1018.03,20.07,5.2,1
6.36,42.39,1023.37,22.82,4.6,1
17.8,11.01,1017.5,29.99,0.0,1
9.54,19.02,999.26,13.5,5.2,1
6.81,26.64,1003.58,27.37,0.0,0
13.53,24.58,1024.7,36.03,5.2,1
17.46,43.92,1004.95,22.1,0.0,1
14.31,28.28,1022.76,18.27,5.2,1
0.76,40.59,1008.7,27.02,0.0,1
13.63,16.96,1014.41,25.63,5.8,2
10.82,11.63,999.14,23.83,4.6,1
3.35,18.84,1006.92,19.68,0.0,0
10.86,5.77,1004.25,31.63,0.0,1
17.82,28.77,1015.26,32.17,0.0,1
4.3,16.6,1013.93,20.54,6.4,2
15.1,12.59,1017.63,21.51,4.6,1
9.71,28.98,1008.09,28.96,0.0,1
0.05,5.99,1003.7,21.25,0.0,0
7.26,32.79,1014.83,29.25,0.0,0
9.39,15.3,1002.7,38.28,0.0,1
5.63,38.23,1023.78,27.58,5.8,2
10.01,16.5,1011.85,19.5,4.6,1
6.59,30.85,1009.74,30.74,3.1,0
35.01,24.51,1017.62,26.76,0.0,2
5.27,32.41,1012.24,26.95,3.1,0
3.45,23.54,996.42,31.33,3.1,0
14.52,0.0,1002.39,32.84,0.0,1
5.91,36.12,1023.58,28.25,4.6,1
6.91,20.77,1013.84,27.58,4.6,1
6.4,33.05,996.18,42.44,6.4,2
13.91,31.66,1016.52,36.4,3.1,1
2.48,11.17,1007.41,33.83,0.0,0
15.08,9.19,1004.26,28.92,5.8,2
11.55,31.17,1001.55,20.96,3.1,1
27.15,17.75,1023.0,35.89,4.6,2
8.79,35.11,993.35,29.01,5.2,1
2.69,19.51,1004.62,23.96,5.8,2
8.88,36.33,1014.2,26.3,0.0,1
9.82,27.93,1028.78,21.24,4.6,1
18.99,26.03,1018.54,35.4,0.0,1
2.69,16.76,1004.54,32.78,5.8,2
1.31,25.25,1028.29,29.27,0.0,0
9.03,38.7,999.45,27.7,5.2,1
28.0,21.24,1015.65,23.24,0.0,2
12.93,29.44,1017.88,13.09,3.8,1
13.52,22.65,1004.19,18.11,0.0,1
1.75,23.74,1019.98,22.8,5.2,1
7.82,46.13,1007.86,21.75,3.8,1
19.27,38.82,1019.95,30.03,4.6,1
9.92,23.11,994.6,33.68,3.1,1
1.19,25.0,1016.35,27.1,0.0,0
7.68,12.17,1008.88,37.86,4.6,1
12.22,19.58,1024.5,22.52,5.2,1
6.97,26.33,1012.56,27.05,4.6,1
3.07,33.91,1025.49,27.64,0.0,0
14.87,32.49,1018.08,35.65,5.2,1
5.07,6.47,1011.72,28.74,3.8,0
10.71,35.68,1020.88,28.93,0.0,1
7.5,20.76,1020.94,16.42,0.0,0
4.89,8.18,1017.72,21.7,0.0,0
30.29,40.71,990.08,35.67,0.0,2
4.37,42.49,1003.17,13.47,5.2,1
8.06,25.69,1026.84,37.4,0.0,1
7.48,31.92,1000.44,31.5,0.0,0
8.84,32.74,1021.82,22.77,0.0,1
28.69,41.54,1020.06,22.18,0.0,2
12.23,32.19,1005.74,41.27,0.0,1
4.84,3.41,993.05,37.88,4.6,1
22.47,50.14,1007.31,27.16,0.0,2
13.95,36.92,1033.78,28.94,5.8,2
4.93,14.87,1004.37,23.48,4.6,1
19.98,7.59,1005.06,28.94,0.0,1
1.73,29.07,1003.02,23.28,3.1,0
2.37,18.1,1025.15,27.45,0.0,0
1.08,26.62,1010.57,40.67,6.4,2
0.5,32.41,1006.74,27.33,4.6,1
18.93,14.07,1027.13,20.66,5.8,2
8.94,6.37,1018.79,18.44,3.1,1
1.23,27.4,1003.81,28.89,0.0,0
7.31,14.53,1000.76,22.67,0.0,0
15.47,24.05,1024.58,29.73,3.1,1
3.63,3.19,1013.17,16.66,5.2,1
5.63,18.47,997.51,32.83,3.1,0
31.33,32.01,995.17,20.58,6.4,2
6.12,30.48,1001.84,28.32,3.1,0
1.38,10.96,1000.61,25.63,0.0,0
4.56,5.64,992.54,40.03,3.8,0
1.11,22.22,1002.0,29.2,0.0,0
13.05,29.85,1003.81,41.62,5.2,1
3.11,27.67,1008.37,31.93,0.0,0
3.0,14.83,1029.93,37.98,4.6,1
33.39,26.17,1010.33,26.54,3.1,2
2.07,43.03,1011.32,30.42,3.1,1
1.64,24.87,1018.09,36.53,4.6,1
2.51,0.0,1010.63,34.33,5.2,1
15.85,24.84,1017.0,31.72,6.4,2
11.71,50.62,1015.81,25.7,0.0,1
4.5,3.98,1014.23,26.89,5.8,2
4.1,22.42,1040.66,35.96,5.8,2
10.99,18.83,1022.11,37.42,6.4,2
9.23,23.34,1002.18,23.85,6.4,2
6.5,24.72,1016.7,22.79,5.8,2
12.04,37.96,1005.08,21.67,0.0,1
2.32,23.19,1017.46,33.81,5.2,1
3.17,39.88,999.25,21.49,5.8,2
12.55,20.35,1001.92,33.72,0.0,1
9.88,17.1,1016.44,31.82,5.8,2
7.78,12.63,1022.98,24.18,5.2,1
32.54,0.0,1018.03,38.95,3.8,2
14.23,25.86,1021.54,17.76,5.8,2
4.64,50.76,1016.74,39.62,0.0,1
3.47,28.42,1014.72,30.23,5.2,1
10.27,31.61,1007.96,13.49,5.8,2
18.89,16.22,1021.13,39.14,0.0,1
0.88,18.58,1023.25,34.81,3.1,0
9.66,35.78,1012.37,25.0,3.8,1
5.54,50.12,1011.83,21.25,0.0,1
8.94,42.83,1028.91,17.02,5.8,2
1.49,33.27,1012.8,44.91,4.6,1
18.87,22.49,1013.76,21.54,0.0,1
22.84,24.94,1017.84,19.15,3.1,2
13.21,11.45,1012.02,29.88,0.0,1
26.31,1.73,1004.8,16.53,0.0,2
5.28,6.22,1016.78,21.13,5.2,1
9.47,22.7,1012.61,34.96,6.4,2
13.37,17.91,1031.42,31.25,0.0,1
10.39,1.43,1020.88,25.3,0.0,1
5.95,21.48,1007.05,28.13,5.2,1
6.56,17.54,1020.29,24.9,3.8,0
21.31,5.58,1016.08,27.57,0.0,2
7.43,16.82,1026.09,22.67,5.2,1
18.07,17.51,1007.76,23.94,0.0,1
7.09,13.37,1014.89,23.73,0.0,0
17.99,34.97,1012.01,22.92,3.8,1
8.15,0.0,1013.58,35.31,5.2,1
12.5,0.0,1004.15,33.39,3.8,1
3.94,22.05,1018.76,21.47,4.6,1
9.45,23.35,1017.18,19.64,0.0,1
4.0,27.66,1025.85,26.9,3.8,0
5.16,14.45,1012.9,43.09,5.2,1
5.57,9.15,1008.88,20.81,3.8,0
6.46,21.9,1020.89,26.87,0.0,0
4.97,15.82,1005.06,28.62,6.4,2
8.65,43.71,1023.85,27.24,0.0,1
18.03,17.46,1023.83,24.79,6.4,2
12.29,21.26,1025.57,36.09,5.2,1
0.91,56.66,1016.77,31.18,0.0,1
1.44,19.27,1008.14,33.92,0.0,0
10.55,29.79,1014.09,32.13,3.1,1
4.73,31.05,1016.8,34.26,6.4,2
1.18,32.24,1007.4,39.09,3.8,0
4.39,26.05,1026.33,37.32,0.0,0
10.88,24.71,1018.8,44.27,6.4,2
5.51,23.4,1004.08,36.52,0.0,0
7.94,13.94,1031.83,23.31,5.8,2
5.99,26.56,1013.97,33.93,5.8,2
3.8,50.4,1002.06,32.97,3.1,1
9.3,38.95,1004.7,41.44,0.0,1
3.32,26.25,1027.88,21.23,5.8,2
14.19,33.98,1031.25,31.91,6.4,2
1.5,9.83,1023.09,23.23,3.1,0
7.6,18.35,1026.19,31.59,0.0,0
5.11,35.27,1025.17,26.5,0.0,0
4.65,42.82,1018.57,31.36,0.0,1
15.26,11.21,1016.29,18.13,4.6,1
17.63,15.23,1018.4,33.55,3.8,1
2.51,52.54,1020.36,29.44,3.1,1
6.51,23.35,1005.58,29.07,4.6,1
0.65,47.53,1020.32,41.65,4.6,1
14.6,24.9,1027.59,25.32,0.0,1
7.25,25.45,1010.94,30.4,3.1,0
1.37,17.72,1009.87,28.7,5.8,2
3.49,35.2,1017.77,29.39,5.8,2
2.26,41.01,1006.5,43.55,5.8,2
3.28,7.51,999.83,28.45,6.4,2
0.76,17.07,1024.48,24.03,0.0,0
21.14,34.81,1008.49,41.1,0.0,2
2.62,20.19,1013.18,25.85,3.8,0
7.58,15.09,1006.9,16.76,3.8,0
10.8,36.13,1025.77,22.81,5.8,2
17.65,37.45,1021.53,19.27,5.2,1
7.81,15.71,1010.59,15.4,5.2,1
5.9,24.97,1001.2,25.46,0.0,0
8.1,5.08,1009.53,27.51,5.2,1
2.49,9.46,1018.7,36.26,5.8,2
2.73,23.74,1014.89,32.41,5.2,1
5.78,22.44,1014.09,32.09,4.6,1
0.39,8.46,1015.12,21.75,0.0,0
3.88,11.98,1020.59,34.19,0.0,0
4.81,7.09,1012.58,37.74,5.2,1
29.23,28.37,1017.5,30.76,5.8,2
19.41,0.0,1003.13,30.96,5.8,2
10.76,7.84,1038.54,19.15,3.1,1
14.88,0.0,1010.16,35.38,4.6,1
2.7,27.87,1015.04,40.47,0.0,0
8.29,0.0,1018.66,30.26,4.6,1
13.48,22.44,1008.89,23.84,0.0,1
2.73,44.95,1013.08,26.87,5.8,2
9.85,45.43,1012.96,25.06,5.8,2
1.67,0.0,1003.86,25.48,0.0,0
11.58,26.18,1017.39,32.54,6.4,2
17.42,8.15,996.51,29.96,5.8,2
2.83,5.3,1030.53,35.03,3.1,0
3.08,20.41,1020.93,30.6,3.8,0
17.04,39.2,1019.39,21.95,0.0,1
7.85,30.4,995.63,24.5,6.4,2
15.33,11.99,1005.07,24.06,0.0,1
5.98,31.87,1026.89,26.69,6.4,2
6.4,0.0,1050.0,40.56,4.6,1
7.67,11.46,1024.95,41.68,6.4,2
25.02,10.47,1023.37,33.86,3.1,2
14.42,23.1,1018.25,28.83,6.4,2
3.75,19.16,1004.53,18.47,3.1,0
8.82,20.02,1022.95,29.54,3.1,1
5.59,19.55,1001.99,22.47,3.1,0
4.65,22.31,1000.89,39.41,6.4,2
11.32,29.56,1000.26,16.76,3.8,1
9.52,24.09,1022.76,30.69,3.8,1
2.87,18.02,1012.43,21.88,4.6,1
7.69,27.62,1014.01,27.93,4.6,1
4.51,33.57,1012.85,32.66,3.8,0
10.75,14.22,1001.74,35.15,3.1,1
4.31,21.17,1006.29,27.58,0.0,0
6.44,38.27,1006.8,33.33,6.4,2
4.77,6.56,998.95,23.36,3.8,0
24.12,47.27,1007.96,29.72,6.4,2
7.61,3.25,1002.19,35.02,3.8,0
24.73,17.16,1018.78,30.32,4.6,2
7.92,8.7,1019.61,24.29,3.8,0
13.0,52.63,1000.06,26.05,6.4,2
4.01,14.95,1010.03,35.11,0.0,0
4.12,14.99,1031.56,20.36,3.8,0
7.25,16.81,1003.19,21.39,0.0,0
24.57,23.34,1017.27,32.21,5.8,2
2.98,17.4,1014.06,24.93,3.8,0
0.65,20.14,1023.93,17.83,6.4,2
16.74,0.0,1015.95,37.46,0.0,1
13.64,22.8,1008.69,20.3,0.0,1
5.04,22.25,1013.67,26.6,4.6,1
31.72,36.54,1013.81,23.66,0.0,2
32.71,40.33,1012.08,25.92,3.1,2
0.86,19.37,999.81,21.81,0.0,0
3.92,33.43,1025.43,33.0,0.0,0
7.2,6.58,1023.66,28.78,0.0,0
10.51,32.74,1002.56,34.89,4.6,1
9.25,13.99,1009.99,23.74,5.2,1
7.59,5.41,1010.75,42.93,3.1,0
2.5,19.4,1001.43,14.67,0.0,0
11.6,41.61,994.33,16.9,0.0,1
12.14,24.53,1006.29,40.27,5.2,1
15.85,42.95,1009.44,31.32,5.8,2
2.12,11.52,998.59,30.39,3.8,0
6.21,36.67,1014.77,31.02,3.1,0
4.81,12.87,1024.63,32.0,4.6,1
2.07,25.15,1021.42,30.1,6.4,2
6.12,25.03,1011.73,21.24,6.4,2
2.65,31.26,994.6,33.73,0.0,0
1.68,25.51,1020.16,32.62,3.8,0
13.77,11.65,1014.46,38.0,5.8,2
5.01,34.32,1017.24,40.35,4.6,1
3.73,46.24,1032.36,30.31,5.8,2
18.88,13.83,1004.75,19.41,6.4,2
12.43,0.0,984.25,40.41,0.0,1
0.54,28.99,1002.47,20.87,4.6,1
10.57,17.36,1017.86,30.37,3.8,1
10.53,20.16,1013.27,26.2,0.0,1
5.89,29.79,1000.84,24.99,4.6,1
5.68,15.61,998.8,33.35,0.0,0
1.13,18.24,1009.45,29.71,3.8,0
31.46,20.6,1000.54,31.59,3.1,2
6.1,42.58,1018.21,22.29,3.1,1
10.1,22.42,1008.89,26.78,4.6,1
6.41,4.7,1006.73,22.61,6.4,2
3.79,5.26,1005.42,26.61,6.4,2
14.61,23.95,1015.63,27.17,5.2,1
8.59,6.19,1013.43,40.91,0.0,1
6.15,0.13,1015.02,26.18,6.4,2
10.01,30.9,1014.8,13.12,6.4,2
6.96,31.58,1012.28,37.77,5.8,2
25.98,16.85,1002.67,31.14,5.8,2
14.23,26.11,1005.7,27.08,5.8,2
11.39,24.63,1009.05,24.94,5.2,1
1.33,30.43,1033.65,21.37,5.2,1
11.71,30.47,999.51,41.57,4.6,1
11.48,0.0,1008.81,28.36,4.6,1
2.7,18.63,1013.98,15.84,3.1,0
1.29,29.25,1009.97,30.29,5.8,2
13.78,16.25,1023.74,36.44,4.6,1
15.15,22.51,1009.92,29.1,4.6,1
4.14,32.51,1010.65,21.69,5.2,1
3.95,23.13,1021.15,21.06,0.0,0
8.46,43.11,1031.11,21.58,6.4,2
5.0,37.78,1027.07,38.65,4.6,1
1.25,20.34,1011.63,27.5,6.4,2
2.67,19.23,1012.5,16.25,0.0,0
9.8,0.0,1013.47,30.69,0.0,1
2.84,17.43,1014.47,28.99,6.4,2
15.74,3.05,1004.53,24.86,5.2,1
11.33,25.1,1022.37,20.86,4.6,1
10.13,24.14,1015.07,20.55,3.1,1
8.31,31.74,1012.55,35.61,4.6,1
3.62,41.55,1000.29,29.73,3.8,1
12.6,21.63,1013.62,31.35,0.0,1
3.51,53.93,994.07,29.71,4.6,1
16.42,25.25,1007.18,30.29,3.8,1
23.07,3.66,1007.37,24.72,0.0,2
8.55,14.13,1015.87,26.56,3.1,1
20.86,16.78,1031.8,36.15,5.2,2
2.71,30.29,1018.72,37.9,5.2,1
11.43,8.74,1027.48,19.45,3.8,1
7.42,17.83,1019.45,26.54,4.6,1
13.96,19.75,1024.25,33.87,0.0,1
0.6,15.73,1031.57,41.17,3.8,0
13.32,33.36,1005.68,40.47,4.6,1
3.98,30.98,1005.03,22.43,0.0,0
7.75,38.33,1019.69,36.93,0.0,0
31.07,17.37,1012.96,28.41,3.8,2
11.74,38.84,1015.2,35.31,6.4,2
10.53,2.9,1010.51,33.52,3.8,1
9.84,2.56,1007.04,19.15,6.4,2
17.74,5.01,1029.21,31.85,5.8,2
14.34,22.13,1002.0,35.04,5.2,1
9.93,38.83,1019.86,27.86,6.4,2
8.94,13.57,1018.24,26.28,3.1,1
8.45,15.33,997.21,17.0,5.2,1
7.07,18.98,1004.69,32.79,0.0,0
2.07,30.02,1006.37,29.46,0.0,0
11.54,15.31,1018.65,21.54,4.6,1
4.39,14.53,1009.33,25.72,0.0,0
6.33,3.16,1012.14,29.08,5.2,1
15.1,14.0,998.42,24.09,6.4,2
7.22,38.48,1036.26,28.02,0.0,0
6.73,23.27,1013.71,15.75,6.4,2
8.57,11.64,1017.99,37.45,0.0,1
5.62,39.31,1007.59,28.11,0.0,0
30.6,13.81,1006.47,20.3,5.2,2
27.62,41.88,1032.13,10.78,5.2,2
27.1,41.65,993.83,35.2,6.4,2
9.87,22.78,1015.79,31.91,3.1,1
4.12,1.02,1000.88,29.47,4.6,1
15.41,54.05,1008.95,34.05,0.0,1
5.66,27.42,1006.62,34.03,5.2,1
16.47,17.47,1003.14,29.36,6.4,2
3.93,35.39,1013.35,26.22,4.6,1
10.46,31.83,987.32,25.08,6.4,2
18.26,40.35,1009.85,30.95,3.1,1
5.95,12.73,1012.1,37.78,6.4,2
5.93,26.46,999.41,27.28,3.8,0
1.47,5.4,1028.13,38.34,0.0,0
4.05,31.33,1007.06,30.61,3.1,0
9.71,21.68,1010.63,30.66,3.8,1
10.95,25.93,1007.08,44.84,0.0,1
12.27,19.95,1012.18,39.57,6.4,2
0.83,18.49,1026.08,39.75,0.0,0
5.68,9.84,1037.73,22.42,5.2,1
1.71,33.07,1020.46,43.35,6.4,2
9.31,42.86,1023.88,27.42,3.1,1
1.13,14.21,1030.16,26.41,4.6,1
2.37,29.75,1015.49,12.89,3.8,0
14.15,28.05,1028.7,30.28,5.2,1
4.53,22.11,1020.92,20.42,0.0,0
20.99,0.63,1014.44,30.86,3.1,2
12.53,3.78,1016.5,19.87,4.6,1
5.98,11.07,994.79,40.58,0.0,0
15.91,0.0,1015.92,31.86,5.8,2
6.46,41.71,997.56,43.96,4.6,1
13.53,27.15,996.75,20.84,0.0,1
3.85,21.58,1014.93,38.84,0.0,0
16.62,0.0,1001.86,15.38,0.0,1
1.29,0.0,1012.93,29.46,4.6,1
2.37,21.97,1014.38,23.58,3.8,0
2.86,49.59,1014.83,24.86,3.8,1
4.27,12.22,1003.96,24.38,4.6,1
10.0,34.09,1021.99,21.6,3.8,1
7.56,15.28,1012.11,19.18,3.1,0
13.65,22.77,1017.41,24.9,0.0,1
18.45,39.01,1001.04,28.81,0.0,1
1.1,17.16,1011.22,36.15,5.2,1
20.14,12.34,1023.97,30.07,5.2,2
6.33,41.85,1022.7,36.17,0.0,1
26.72,22.64,1005.03,17.65,0.0,2
3.68,37.28,1007.54,24.97,3.1,0
0.69,12.41,1003.11,32.98,4.6,1
12.64,41.69,1006.44,30.4,4.6,1
12.03,25.83,999.01,21.97,4.6,1
2.44,28.09,1011.62,34.54,0.0,0
2.73,23.84,1019.33,24.28,3.1,0
14.45,14.92,1005.15,22.56,5.2,1
10.4,21.98,1012.09,31.41,4.6,1
5.76,15.8,1010.8,28.04,5.8,2
11.27,35.43,1023.55,24.34,5.2,1
9.57,19.16,1006.88,24.1,6.4,2
3.07,1.05,1007.25,20.51,4.6,1
15.3,0.0,1004.54,25.23,4.6,1
13.09,0.0,1001.62,35.7,4.6,1
7.71,30.65,1018.29,29.71,0.0,0
14.46,5.88,1011.65,34.71,3.1,1
29.15,26.2,1013.55,31.61,0.0,2
2.7,23.91,1025.75,23.71,3.1,0
6.01,21.09,1026.32,16.46,0.0,0
6.28,28.14,996.54,21.51,3.8,0
14.22,24.22,1019.48,23.3,6.4,2
4.22,0.0,1015.26,22.76,3.8,0
13.6,17.47,1008.38,34.87,5.2,1
4.73,27.95,1016.28,34.79,3.1,0
2.36,44.96,995.74,43.48,6.4,2
8.11,45.61,1027.63,22.65,0.0,1
4.63,2.92,1018.15,39.18,5.8,2
8.82,17.1,1004.35,39.14,5.2,1
10.65,0.07,1007.15,26.37,5.8,2
1.22,43.28,995.97,31.31,0.0,1
5.17,36.18,1009.86,36.69,6.4,2
8.12,26.91,1008.17,27.59,6.4,2
14.51,24.33,999.75,27.05,0.0,1
13.16,41.33,1020.77,23.61,4.6,1
3.35,38.96,1025.77,11.48,4.6,1
6.57,38.21,1012.73,28.49,0.0,0
11.11,28.39,1009.94,23.03,3.8,1
6.16,17.11,1017.35,20.47,4.6,1
3.7,32.74,1012.8,30.96,0.0,0
7.31,33.42,1002.18,17.84,3.1,0
10.28,19.33,1006.47,33.64,4.6,1
3.02,17.08,1010.04,31.39,6.4,2
12.09,37.87,1015.48,25.2,0.0,1
8.53,45.3,1013.09,27.56,6.4,2
12.44,11.51,1015.1,19.67,5.8,2
7.17,18.31,997.75,33.25,5.8,2
26.05,26.91,1019.65,29.31,0.0,2
10.11,28.81,1013.03,29.83,4.6,1
13.56,14.69,1038.53,31.51,3.1,1
12.05,48.37,1009.12,23.5,6.4,2
6.49,27.91,1016.23,17.37,5.2,1
9.39,29.44,1041.29,34.7,4.6,1
4.32,46.62,1014.94,32.82,0.0,1
24.7,15.71,1012.32,24.25,5.8,2
11.04,20.76,1003.13,30.86,3.8,1
3.48,4.45,1028.28,36.81,0.0,0
20.73,19.59,1001.41,35.97,5.8,2
6.79,1.16,1017.27,24.05,6.4,2
15.06,32.47,1008.26,17.58,3.8,1
1.18,27.88,1011.11,18.78,4.6,1
18.01,18.12,998.76,25.82,4.6,1
10.68,20.59,1026.43,38.24,0.0,1
3.2,32.66,1010.22,22.9,5.2,1
10.53,6.1,1000.85,23.83,6.4,2
22.93,24.86,1025.53,23.68,6.4,2
4.45,31.79,1007.96,24.28,5.2,1
4.39,0.0,1016.35,27.92,3.1,0
6.4,31.59,1021.41,19.04,6.4,2
8.05,0.0,1017.74,35.59,6.4,2
15.82,20.35,991.03,26.99,0.0,1
11.16,5.71,1019.95,45.35,3.1,1
6.4,42.04,1011.99,19.79,3.8,1
9.72,5.8,1009.71,39.13,4.6,1
25.67,0.0,1011.91,37.74,5.2,2
12.72,23.87,996.9,25.12,3.8,1
7.02,16.21,1014.92,25.23,0.0,0
6.23,0.94,999.36,21.55,0.0,0
9.26,29.36,1010.14,21.63,5.2,1
15.67,0.0,1014.56,28.0,5.2,1
3.86,7.49,1023.74,28.14,4.6,1
14.09,13.95,1004.8,16.78,3.1,1
6.9,33.23,1027.52,44.05,0.0,0
7.82,40.14,1022.47,26.18,0.0,1
40.79,37.44,1008.71,28.46,5.2,2
13.01,19.85,1001.91,23.62,3.8,1
4.77,0.0,998.56,26.13,0.0,0
10.65,27.47,1015.72,25.49,3.1,1
16.27,42.59,1005.63,27.98,5.8,2
13.12,39.27,1024.99,27.9,4.6,1
0.52,28.48,1006.2,33.63,5.8,2
7.54,5.35,1003.99,29.59,3.8,0
11.03,14.65,1015.34,32.93,3.8,1
10.33,49.07,1006.14,27.93,6.4,2
5.15,2.17,1013.09,29.62,3.8,0
13.29,5.93,1022.86,26.31,0.0,1
18.06,35.2,1014.17,35.02,3.1,1
1.27,15.96,1014.21,30.26,4.6,1
1.12,5.46,1015.05,26.89,3.1,0
10.58,43.39,996.07,26.68,3.1,1
14.15,28.45,1016.92,27.24,5.8,2
4.47,16.65,1014.6,28.21,3.1,0
0.57,5.96,1021.93,27.61,0.0,0
7.65,50.66,1019.06,24.09,0.0,1
10.46,21.66,1010.98,33.35,3.1,1
5.95,41.56,1023.32,33.8,5.2,1
16.57,34.51,1010.07,40.49,0.0,1
9.95,14.71,1015.47,23.77,3.8,1
4.02,14.82,1009.89,32.67,4.6,1
4.43,42.25,1017.62,14.64,6.4,2
7.79,42.48,1009.24,33.8,5.8,2
5.59,0.0,1029.48,17.8,0.0,0
1.02,29.7,1033.17,21.11,0.0,0
9.27,20.3,1021.74,30.33,5.2,1
4.55,7.53,1028.41,23.65,0.0,0
5.31,25.66,997.61,22.69,3.1,0
2.67,3.11,998.79,24.61,0.0,0
23.36,15.47,1009.78,33.11,5.2,2
12.42,10.82,1013.41,21.47,0.0,1
27.57,15.0,1011.02,27.62,3.1,2
5.92,21.0,996.58,25.35,3.1,0
12.97,7.78,1024.52,33.74,0.0,1
9.41,44.02,1034.54,33.94,5.2,1
4.17,28.91,1025.81,15.15,4.6,1
5.87,47.12,1023.86,35.32,3.8,1
12.4,19.76,1015.26,23.72,0.0,1
2.67,14.32,1004.57,29.65,0.0,0
16.7,46.62,1013.73,21.43,0.0,1
8.78,13.91,1034.06,30.6,4.6,1
15.09,19.5,1009.48,45.86,5.2,1
10.49,32.08,1008.45,28.89,5.8,2
1.29,4.67,1024.07,24.78,5.8,2
7.55,31.96,1024.74,26.37,3.1,0
16.97,30.17,1004.52,17.72,0.0,1
8.68,39.77,1010.39,38.14,0.0,1
7.71,34.46,1007.98,30.19,5.8,2
8.67,40.2,1013.7,20.66,5.2,1
0.91,20.45,1024.04,20.89,3.8,0
18.28,9.92,1004.96,28.11,0.0,1
0.36,51.54,1023.9,34.52,5.2,1
21.12,0.63,1014.02,19.94,5.8,2
5.55,2.03,1036.26,35.79,0.0,0
11.08,29.91,1016.19,27.36,5.8,2
0.8,44.75,1012.03,21.49,4.6,1
14.03,24.65,1018.75,24.73,5.8,2
12.26,35.99,1009.63,40.24,4.6,1
11.69,0.0,995.05,18.28,0.0,1
0.75,15.01,1010.59,22.88,4.6,1
3.63,0.0,1010.44,34.67,0.0,0
10.53,32.93,997.08,29.52,0.0,1
17.91,0.34,1012.27,22.46,5.8,2
3.1,4.11,992.33,34.75,6.4,2
3.19,29.2,1009.52,35.09,3.8,0
9.99,36.87,1015.44,30.32,0.0,1
38.28,19.77,1013.97,23.71,3.1,2
4.25,29.98,1008.89,24.79,0.0,0
5.49,29.53,1012.14,29.99,4.6,1
4.76,18.98,1005.16,18.82,3.1,0
6.91,6.67,1013.11,37.29,0.0,0
18.97,29.91,1013.58,39.9,4.6,1
7.24,30.58,1004.0,26.35,4.6,1
40.86,34.52,1015.68,30.49,5.2,2
8.42,26.37,1015.61,36.3,6.4,2
20.33,5.64,1011.34,41.69,5.2,2
5.87,31.66,1037.21,38.9,5.2,1
2.08,21.98,1011.59,15.85,0.0,0
7.23,15.24,1010.21,25.79,3.8,0
11.82,17.88,1008.78,31.5,3.1,1
3.67,12.34,1003.29,24.54,6.4,2
18.03,34.44,1019.86,40.48,3.8,1
4.99,2.15,1006.14,39.41,5.2,1
2.67,8.09,1007.32,22.29,3.8,0
35.59,17.4,1007.62,26.86,0.0,2
3.47,44.59,1003.15,22.75,6.4,2
4.85,36.76,995.49,26.63,5.2,1
13.38,0.0,1008.37,26.42,0.0,1
5.69,40.92,1021.73,34.68,0.0,1
2.78,40.89,1014.97,21.78,6.4,2
4.4,5.56,1028.61,9.68,0.0,0
28.88,0.0,1020.51,16.77,0.0,2
12.16,20.99,1018.24,20.8,4.6,1
14.09,37.71,1031.83,23.41,0.0,1
9.59,44.28,1012.03,29.31,0.0,1
10.96,9.81,1013.63,20.44,6.4,2
5.3,46.53,1012.89,19.52,0.0,1
8.63,0.0,1028.44,21.49,5.2,1
0.65,16.85,1013.03,20.19,4.6,1
16.16,16.16,1006.52,24.12,0.0,1
5.25,38.13,1018.88,23.82,0.0,0
2.3,40.18,1004.84,32.82,3.8,1
9.05,35.36,1018.33,21.07,3.8,1
6.48,3.09,1017.14,25.5,6.4,2
15.73,34.08,1011.11,24.18,0.0,1
7.37,29.13,1018.66,33.66,4.6,1
4.31,0.0,998.12,26.92,5.2,1
7.52,0.0,1014.63,35.35,0.0,0
22.05,36.53,1008.37,19.93,6.4,2
16.12,19.48,1041.62,27.65,6.4,2
12.13,4.01,1014.56,23.97,0.0,1
16.65,19.09,1007.04,19.42,0.0,1
12.87,27.1,999.22,27.53,5.8,2
3.22,20.84,1026.05,40.13,5.8,2
14.17,0.27,1009.5,22.03,0.0,1
18.15,48.4,1005.09,27.11,6.4,2
18.91,36.06,1016.36,18.81,0.0,1
2.53,17.3,1019.5,17.79,0.0,0
4.86,17.87,1019.34,22.49,3.1,0
4.19,27.03,1013.2,24.85,5.2,1
5.82,6.19,1014.59,25.16,0.0,0
11.16,26.52,1015.32,26.42,3.8,1
8.86,3.37,1016.36,16.46,0.0,1
8.86,21.01,1017.25,23.62,0.0,1
1.82,5.64,1023.94,31.51,5.2,1
4.69,6.35,1013.56,18.49,3.1,0
19.95,45.04,1004.83,25.51,5.8,2
18.09,22.83,1011.56,30.05,5.2,1
7.26,24.9,1020.54,22.52,6.4,2
14.2,0.0,995.13,30.39,0.0,1
10.37,13.64,995.19,17.35,6.4,2
15.41,28.46,1022.18,34.22,6.4,2
14.68,24.72,1028.2,30.56,3.1,1
7.77,0.0,1000.35,28.39,0.0,0
12.19,24.9,1014.0,35.87,0.0,1
10.92,27.13,1009.0,25.69,3.8,1
7.95,39.97,1010.39,23.68,0.0,0
6.56,12.83,1016.06,37.61,0.0,0
26.11,0.0,1000.07,40.89,3.8,2
7.96,8.05,1001.93,23.15,4.6,1
13.54,6.64,1009.99,27.2,5.8,2
24.69,32.31,1011.55,35.32,6.4,2
12.18,0.0,1001.74,27.45,0.0,1
11.75,15.72,1020.9,32.16,0.0,1
8.0,41.96,1008.82,33.46,0.0,1
11.08,22.1,1008.78,24.06,0.0,1
6.08,34.55,1015.83,30.93,3.1,0
44.53,0.0,1011.71,27.96,6.4,2
1.87,0.0,1021.37,19.48,6.4,2
6.92,42.12,1003.67,21.07,6.4,2
12.33,23.42,999.03,23.43,3.8,1
11.76,23.45,1009.9,34.5,4.6,1
6.07,6.35,1013.6,34.73,5.2,1
1.14,23.41,1000.59,33.25,0.0,0
2.26,5.96,999.12,31.08,3.8,0
9.38,38.62,1014.82,30.89,3.8,1
0.72,60.19,1005.42,29.94,3.1,2
13.02,28.78,998.47,30.85,3.8,1
19.23,13.11,1022.65,31.33,3.1,1
14.84,0.0,1006.68,18.17,0.0,1
17.11,0.0,1024.5,22.47,5.2,1
0.76,43.77,1013.28,20.8,6.4,2
6.29,7.59,1015.95,35.75,5.2,1
2.96,16.81,1010.89,39.58,6.4,2
1.42,31.17,986.45,12.82,3.1,0
5.16,42.75,1001.63,38.95,0.0,1
24.26,19.21,1011.74,28.61,0.0,2
29.13,16.33,1016.65,35.09,5.8,2
3.38,23.0,995.1,31.55,0.0,0
8.45,13.21,1012.46,38.08,3.8,1
10.95,13.97,1001.78,29.47,0.0,1
6.33,27.77,1015.35,18.46,0.0,0
20.25,24.59,1012.81,27.26,0.0,2
5.23,51.84,1020.44,31.61,0.0,1
4.44,28.14,1023.67,26.49,0.0,0
3.58,38.12,1017.59,32.6,3.8,0
6.29,7.0,1021.6,27.54,5.2,1
0.14,29.35,1009.5,23.83,0.0,0
6.56,11.88,1041.23,20.4,5.8,2
8.89,27.54,1000.81,25.26,3.1,1
9.36,31.64,1007.72,29.43,5.2,1
2.76,22.7,1022.01,14.28,3.8,0
9.21,55.7,1020.53,22.54,5.2,1
9.06,41.99,1017.87,14.02,6.4,2
9.22,38.48,1019.75,23.68,6.4,2
15.06,32.7,992.16,36.38,4.6,1
2.64,46.69,1028.89,19.7,6.4,2
6.4,1.88,1010.96,32.92,5.2,1
1.03,41.18,1025.46,47.94,0.0,1
14.01,8.12,992.66,38.17,6.4,2
3.12,14.1,1015.57,28.93,0.0,0
16.85,29.86,1007.36,34.01,3.8,1
17.29,39.27,1018.72,18.41,0.0,1
6.97,5.85,1016.17,16.99,5.8,2
6.65,14.82,1016.66,28.2,6.4,2
1.68,23.37,1002.41,30.79,5.8,2
8.22,19.39,1012.43,35.66,0.0,1
14.96,33.96,1011.2,24.02,0.0,1
10.19,70.1,1017.95,29.35,3.1,2
22.06,27.87,1022.89,29.11,0.0,2
5.74,11.71,1014.5,27.08,3.8,0
5.73,3.85,1000.24,27.49,0.0,0
3.35,17.45,1014.08,22.02,4.6,1
33.02,8.84,1039.11,29.96,4.6,2
1.66,28.55,1029.46,29.37,4.6,1
14.14,28.33,983.26,24.92,6.4,2
15.19,15.52,1013.63,32.66,5.8,2
14.7,49.79,1022.32,35.19,0.0,1
3.65,11.7,1011.18,32.74,4.6,1
6.97,20.33,1008.4,20.7,5.8,2
12.61,30.95,1010.33,28.7,5.8,2
4.52,34.49,1018.52,21.62,4.6,1
6.13,39.89,1001.52,28.68,0.0,0
4.6,28.0,1024.89,21.65,3.1,0
8.7,36.71,1012.44,36.94,5.8,2
8.22,12.69,1003.65,33.48,0.0,1
24.97,34.85,1024.24,36.07,4.6,2
